Epoch,return,loss,epsilon
1,-4.0,0.0,1.0
2,-5.0,0.0,0.99964
3,-3.0,0.0,0.9992801295999999
4,-2.0,0.0,0.9989203887533439
5,-5.0,0.0,0.9985607774133927
6,-2.0,0.0,0.9982012955335238
7,-4.0,0.0,0.9978419430671317
8,-3.0,0.0,0.9974827199676275
9,-3.0,0.0,0.9971236261884391
10,-5.0,0.0,0.9967646616830113
11,-3.0,2.865950345993042,0.9964058264048054
12,-5.0,2.7625694274902344,0.9960471203072996
13,-2.0,2.962538957595825,0.9956885433439889
14,-4.0,2.694213390350342,0.995330095468385
15,-3.0,2.824968099594116,0.9949717766340164
16,-3.0,2.894277572631836,0.9946135867944281
17,-4.0,2.9632210731506348,0.9942555259031821
18,-3.0,3.260073184967041,0.9938975939138569
19,-5.0,2.7011942863464355,0.9935397907800478
20,-2.0,3.027778148651123,0.993182116455367
21,-3.0,2.8285787105560303,0.9928245708934431
22,-3.0,2.9937796592712402,0.9924671540479214
23,-3.0,2.624868869781494,0.9921098658724641
24,-3.0,3.0147147178649902,0.99175270632075
25,-3.0,2.8028817176818848,0.9913956753464744
26,-3.0,2.9423155784606934,0.9910387729033496
27,-4.0,2.8616926670074463,0.9906819989451044
28,-5.0,2.783151149749756,0.9903253534254842
29,-4.0,2.9229092597961426,0.989968836298251
30,-1.0,2.7118401527404785,0.9896124475171837
31,-2.0,2.9177379608154297,0.9892561870360774
32,-4.0,2.806431293487549,0.9889000548087444
33,-4.0,2.9957504272460938,0.9885440507890133
34,-3.0,2.5987744331359863,0.9881881749307292
35,-5.0,2.921759605407715,0.9878324271877541
36,-3.0,2.7628369331359863,0.9874768075139665
37,0.0,2.9772372245788574,0.9871213158632615
38,-4.0,2.8125081062316895,0.9867659521895507
39,-3.0,2.870255947113037,0.9864107164467624
40,-4.0,2.830784320831299,0.9860556085888416
41,-2.0,2.8909523487091064,0.9857006285697496
42,-2.0,2.837005138397217,0.9853457763434644
43,-2.0,3.1955580711364746,0.9849910518639807
44,-4.0,2.89217209815979,0.9846364550853096
45,-2.0,3.328660726547241,0.9842819859614789
46,-4.0,2.6430554389953613,0.9839276444465327
47,-4.0,2.823983669281006,0.9835734304945319
48,-5.0,3.0513594150543213,0.9832193440595539
49,-4.0,2.8334500789642334,0.9828653850956924
50,-4.0,2.6146297454833984,0.982511553557058
51,-3.0,2.9561071395874023,0.9821578493977774
52,-5.0,2.7952492237091064,0.9818042725719942
53,-3.0,2.9810075759887695,0.9814508230338682
54,-5.0,3.0943191051483154,0.981097500737576
55,-4.0,2.799978256225586,0.9807443056373104
56,-2.0,2.7573163509368896,0.980391237687281
57,-4.0,2.9880776405334473,0.9800382968417135
58,-3.0,2.6426825523376465,0.9796854830548505
59,-5.0,3.127577066421509,0.9793327962809507
60,1.0,2.8893680572509766,0.9789802364742896
61,-5.0,2.730134963989258,0.9786278035891588
62,-4.0,3.000760555267334,0.9782754975798666
63,-4.0,2.850855827331543,0.9779233184007379
64,-3.0,3.1514997482299805,0.9775712660061135
65,-4.0,2.832643985748291,0.9772193403503513
66,-2.0,2.8573551177978516,0.9768675413878252
67,-1.0,2.938883066177368,0.9765158690729255
68,-3.0,2.840386152267456,0.9761643233600592
69,-3.0,2.9273667335510254,0.9758129042036495
70,-2.0,3.074773073196411,0.9754616115581362
71,-3.0,2.9664576053619385,0.9751104453779752
72,-4.0,3.033677339553833,0.9747594056176391
73,-3.0,3.1228160858154297,0.9744084922316167
74,-5.0,2.8794517517089844,0.9740577051744134
75,-5.0,3.2557871341705322,0.9737070444005506
76,-2.0,2.8987274169921875,0.9733565098645663
77,-2.0,2.9126436710357666,0.9730061015210151
78,-2.0,2.9899020195007324,0.9726558193244674
79,-3.0,2.9023334980010986,0.9723056632295106
80,-3.0,3.026644229888916,0.971955633190748
81,-3.0,3.0148587226867676,0.9716057291627993
82,-1.0,2.875372886657715,0.9712559511003007
83,-4.0,2.7815346717834473,0.9709062989579046
84,-3.0,2.8144845962524414,0.9705567726902797
85,-4.0,2.9622883796691895,0.9702073722521112
86,-4.0,2.708685874938965,0.9698580975981004
87,-4.0,3.163520336151123,0.969508948682965
88,-5.0,2.761005401611328,0.9691599254614391
89,-3.0,2.8443799018859863,0.968811027888273
90,-5.0,2.8378000259399414,0.9684622559182332
91,-2.0,2.9383678436279297,0.9681136095061026
92,-1.0,2.8606882095336914,0.9677650886066803
93,-3.0,2.771819591522217,0.9674166931747818
94,-3.0,2.7205631732940674,0.9670684231652389
95,-3.0,2.8326640129089355,0.9667202785328993
96,-4.0,2.8327066898345947,0.9663722592326275
97,-1.0,2.843259811401367,0.9660243652193037
98,-5.0,2.9962711334228516,0.9656765964478247
99,-3.0,3.033381462097168,0.9653289528731034
100,-4.0,2.749691963195801,0.964981434450069
101,-3.0,0.15625,0.9646340411336669
102,-4.0,0.09375,0.9642867728788588
103,-2.0,0.046875,0.9639396296406224
104,-3.0,0.03125,0.9635926113739518
105,-4.0,0.078125,0.9632457180338572
106,-3.0,0.203125,0.9628989495753649
107,-2.0,0.109375,0.9625523059535178
108,-3.0,0.171875,0.9622057871233746
109,-3.0,0.046875,0.9618593930400101
110,-4.0,0.078125,0.9615131236585157
111,-5.0,0.078125,0.9611669789339986
112,-1.0,0.046875,0.9608209588215824
113,-5.0,0.046875,0.9604750632764065
114,-1.0,0.109375,0.960129292253627
115,-3.0,0.15625,0.9597836457084157
116,-4.0,0.171875,0.9594381235959606
117,-5.0,0.1875,0.959092725871466
118,-3.0,0.125,0.9587474524901523
119,-4.0,0.109375,0.9584023034072557
120,-3.0,0.0,0.9580572785780291
121,-4.0,0.15625,0.957712377957741
122,-4.0,0.140625,0.9573676015016762
123,-3.0,0.15625,0.9570229491651356
124,-5.0,0.09375,0.9566784209034361
125,-3.0,0.078125,0.9563340166719109
126,-4.0,0.046875,0.955989736425909
127,1.0,0.125,0.9556455801207957
128,-2.0,0.109375,0.9553015477119522
129,-2.0,0.046875,0.9549576391547758
130,-3.0,0.09375,0.95461385440468
131,-4.0,0.09375,0.9542701934170943
132,-4.0,0.078125,0.9539266561474641
133,-3.0,0.109375,0.9535832425512509
134,-5.0,0.140625,0.9532399525839325
135,-3.0,0.109375,0.9528967862010023
136,-4.0,0.109375,0.9525537433579698
137,-4.0,0.015625,0.952210824010361
138,-3.0,0.109375,0.9518680281137172
139,-4.0,0.09375,0.9515253556235962
140,-2.0,0.09375,0.9511828064955716
141,-3.0,0.109375,0.9508403806852332
142,-2.0,0.109375,0.9504980781481865
143,-5.0,0.109375,0.9501558988400531
144,-5.0,0.0625,0.9498138427164707
145,0.0,0.0625,0.9494719097330928
146,-3.0,0.125,0.9491300998455888
147,-3.0,0.125,0.9487884130096443
148,-4.0,0.109375,0.9484468491809609
149,-3.0,0.109375,0.9481054083152557
150,-4.0,0.0625,0.9477640903682621
151,-3.0,0.09375,0.9474228952957295
152,-2.0,0.125,0.947081823053423
153,-3.0,0.140625,0.9467408735971238
154,-2.0,0.046875,0.9464000468826288
155,-4.0,0.09375,0.946059342865751
156,-4.0,0.09375,0.9457187615023193
157,-2.0,0.078125,0.9453783027481784
158,-5.0,0.09375,0.945037966559189
159,-5.0,0.140625,0.9446977528912277
160,-5.0,0.21875,0.9443576617001869
161,-2.0,0.09375,0.9440176929419748
162,-3.0,0.109375,0.9436778465725156
163,-4.0,0.109375,0.9433381225477495
164,-3.0,0.03125,0.9429985208236323
165,-3.0,0.15625,0.9426590413561358
166,-5.0,0.21875,0.9423196841012476
167,-4.0,0.109375,0.9419804490149711
168,3.0,0.15625,0.9416413360533257
169,-4.0,0.140625,0.9413023451723465
170,2.0,0.125,0.9409634763280844
171,-5.0,0.109375,0.9406247294766062
172,-5.0,0.125,0.9402861045739946
173,-4.0,0.140625,0.9399476015763479
174,-5.0,0.15625,0.9396092204397805
175,-2.0,0.09375,0.9392709611204221
176,-2.0,0.078125,0.9389328235744187
177,-3.0,0.109375,0.9385948077579318
178,-5.0,0.109375,0.9382569136271389
179,-2.0,0.15625,0.9379191411382332
180,-3.0,0.21875,0.9375814902474233
181,-5.0,0.109375,0.9372439609109342
182,-3.0,0.109375,0.9369065530850063
183,-2.0,0.015625,0.9365692667258956
184,-4.0,0.03125,0.9362321017898743
185,-4.0,0.125,0.9358950582332298
186,-2.0,0.0625,0.9355581360122658
187,-4.0,0.140625,0.9352213350833013
188,-3.0,0.09375,0.9348846554026713
189,-5.0,0.1875,0.9345480969267264
190,-3.0,0.125,0.9342116596118327
191,-5.0,0.0625,0.9338753434143724
192,-1.0,0.125,0.9335391482907432
193,-5.0,0.171875,0.9332030741973586
194,1.0,0.140625,0.9328671210906475
195,-5.0,0.171875,0.9325312889270548
196,-5.0,0.140625,0.9321955776630411
197,-4.0,0.109375,0.9318599872550823
198,-1.0,0.109375,0.9315245176596705
199,-2.0,0.125,0.9311891688333129
200,-3.0,0.15625,0.9308539407325329
201,-4.0,0.09375,0.9305188333138692
202,-2.0,0.078125,0.9301838465338762
203,-2.0,0.109375,0.929848980349124
204,-2.0,0.171875,0.9295142347161983
205,-3.0,0.0625,0.9291796095917004
206,-3.0,0.109375,0.9288451049322474
207,-2.0,0.0625,0.9285107206944717
208,-3.0,0.03125,0.9281764568350217
209,-4.0,0.109375,0.9278423133105611
210,-4.0,0.140625,0.9275082900777692
211,-4.0,0.125,0.9271743870933412
212,-2.0,0.109375,0.9268406043139876
213,-2.0,0.09375,0.9265069416964345
214,-4.0,0.1875,0.9261733991974238
215,-3.0,0.21875,0.9258399767737127
216,-3.0,0.1875,0.9255066743820741
217,-2.0,0.203125,0.9251734919792965
218,-4.0,0.125,0.9248404295221839
219,-4.0,0.140625,0.9245074869675559
220,-5.0,0.203125,0.9241746642722476
221,-5.0,0.078125,0.9238419613931096
222,-3.0,0.15625,0.9235093782870081
223,-4.0,0.140625,0.9231769149108248
224,-4.0,0.09375,0.9228445712214568
225,-4.0,0.109375,0.9225123471758171
226,-3.0,0.15625,0.9221802427308338
227,-4.0,0.09375,0.9218482578434506
228,-3.0,0.125,0.9215163924706269
229,-2.0,0.09375,0.9211846465693374
230,-2.0,0.125,0.9208530200965724
231,-5.0,0.015625,0.9205215130093376
232,-3.0,0.15625,0.9201901252646543
233,-4.0,0.09375,0.9198588568195589
234,-3.0,0.078125,0.9195277076311038
235,-3.0,0.15625,0.9191966776563566
236,-2.0,0.109375,0.9188657668524003
237,-5.0,0.125,0.9185349751763334
238,-3.0,0.03125,0.91820430258527
239,-1.0,0.078125,0.9178737490363392
240,-2.0,0.109375,0.9175433144866861
241,-5.0,0.15625,0.9172129988934709
242,-3.0,0.078125,0.9168828022138692
243,-2.0,0.140625,0.9165527244050722
244,-3.0,0.0625,0.9162227654242864
245,-4.0,0.109375,0.9158929252287336
246,-2.0,0.203125,0.9155632037756511
247,-5.0,0.109375,0.9152336010222919
248,-5.0,0.109375,0.9149041169259239
249,-3.0,0.15625,0.9145747514438305
250,-3.0,0.0625,0.9142455045333107
251,-3.0,0.15625,0.9139163761516786
252,-1.0,0.03125,0.913587366256264
253,-5.0,0.125,0.9132584748044117
254,-3.0,0.109375,0.9129297017534821
255,-1.0,0.109375,0.9126010470608508
256,-3.0,0.125,0.9122725106839088
257,-4.0,0.046875,0.9119440925800626
258,-3.0,0.09375,0.9116157927067338
259,-4.0,0.09375,0.9112876110213594
260,-3.0,0.0625,0.9109595474813916
261,-5.0,0.078125,0.9106316020442983
262,-2.0,0.109375,0.9103037746675623
263,-2.0,0.125,0.9099760653086819
264,-3.0,0.078125,0.9096484739251708
265,-3.0,0.0,0.9093210004745577
266,-3.0,0.15625,0.9089936449143868
267,-3.0,0.125,0.9086664072022176
268,-5.0,0.109375,0.9083392872956247
269,-4.0,0.09375,0.9080122851521983
270,-4.0,0.171875,0.9076854007295435
271,-5.0,0.09375,0.9073586339852808
272,-5.0,0.125,0.9070319848770461
273,-3.0,0.09375,0.9067054533624903
274,-2.0,0.15625,0.9063790393992798
275,-3.0,0.0625,0.906052742945096
276,-2.0,0.078125,0.9057265639576357
277,-5.0,0.078125,0.905400502394611
278,-5.0,0.0625,0.9050745582137489
279,-1.0,0.1875,0.904748731372792
280,-5.0,0.125,0.9044230218294977
281,-2.0,0.0625,0.9040974295416391
282,-3.0,0.15625,0.9037719544670041
283,-2.0,0.109375,0.903446596563396
284,-4.0,0.03125,0.9031213557886332
285,-4.0,0.125,0.9027962321005493
286,-3.0,0.1875,0.9024712254569931
287,-1.0,0.109375,0.9021463358158286
288,-5.0,0.125,0.9018215631349349
289,-5.0,0.109375,0.9014969073722063
290,-4.0,0.09375,0.9011723684855523
291,-4.0,0.09375,0.9008479464328975
292,-5.0,0.125,0.9005236411721815
293,-2.0,0.109375,0.9001994526613595
294,-2.0,0.140625,0.8998753808584014
295,-5.0,0.109375,0.8995514257212923
296,-4.0,0.125,0.8992275872080326
297,-5.0,0.0625,0.8989038652766377
298,-5.0,0.078125,0.8985802598851381
299,-2.0,0.109375,0.8982567709915794
300,-5.0,0.15625,0.8979333985540224
301,-5.0,0.078125,0.8976101425305429
302,-4.0,0.125,0.8972870028792319
303,-1.0,0.140625,0.8969639795581954
304,-1.0,0.171875,0.8966410725255545
305,-1.0,0.140625,0.8963182817394453
306,-5.0,0.140625,0.8959956071580191
307,-2.0,0.140625,0.8956730487394422
308,-4.0,0.109375,0.895350606441896
309,-1.0,0.109375,0.8950282802235769
310,-4.0,0.109375,0.8947060700426964
311,-5.0,0.140625,0.894383975857481
312,-4.0,0.078125,0.8940619976261722
313,-4.0,0.140625,0.8937401353070268
314,-1.0,0.3125,0.8934183888583163
315,-2.0,0.078125,0.8930967582383272
316,-5.0,0.125,0.8927752434053614
317,-5.0,0.03125,0.8924538443177354
318,-1.0,0.109375,0.892132560933781
319,-4.0,0.140625,0.8918113932118449
320,0.0,0.125,0.8914903411102886
321,-4.0,0.09375,0.8911694045874888
322,0.0,0.09375,0.8908485836018373
323,-3.0,0.0625,0.8905278781117406
324,-3.0,0.078125,0.8902072880756203
325,-3.0,0.1875,0.8898868134519131
326,-5.0,0.109375,0.8895664541990704
327,-3.0,0.125,0.8892462102755587
328,-3.0,0.0625,0.8889260816398595
329,0.0,0.0625,0.8886060682504692
330,-4.0,0.09375,0.8882861700658989
331,-4.0,0.109375,0.8879663870446752
332,-3.0,0.1875,0.8876467191453391
333,-5.0,0.15625,0.8873271663264467
334,-3.0,0.125,0.8870077285465692
335,-3.0,0.0625,0.8866884057642924
336,-4.0,0.15625,0.8863691979382172
337,0.0,0.0625,0.8860501050269595
338,-4.0,0.125,0.8857311269891497
339,-1.0,0.140625,0.8854122637834335
340,-2.0,0.015625,0.8850935153684715
341,-3.0,0.125,0.8847748817029388
342,-4.0,0.0625,0.8844563627455257
343,1.0,0.078125,0.8841379584549374
344,0.0,0.1875,0.8838196687898936
345,-4.0,0.046875,0.8835014937091292
346,-3.0,0.125,0.8831834331713939
347,-2.0,0.1875,0.8828654871354522
348,-2.0,0.140625,0.8825476555600834
349,-2.0,0.0625,0.8822299384040817
350,-5.0,0.046875,0.8819123356262563
351,-2.0,0.109375,0.8815948471854308
352,-4.0,0.09375,0.881277473040444
353,-2.0,0.140625,0.8809602131501494
354,-4.0,0.09375,0.8806430674734153
355,-3.0,0.140625,0.8803260359691248
356,-4.0,0.078125,0.8800091185961759
357,-5.0,0.09375,0.8796923153134812
358,-4.0,0.125,0.8793756260799683
359,-3.0,0.0625,0.8790590508545795
360,-3.0,0.09375,0.8787425895962718
361,-3.0,0.125,0.8784262422640171
362,-4.0,0.09375,0.878110008816802
363,-4.0,0.09375,0.8777938892136279
364,-2.0,0.0625,0.877477883413511
365,-3.0,0.09375,0.8771619913754821
366,-5.0,0.078125,0.8768462130585869
367,-3.0,0.140625,0.8765305484218858
368,-1.0,0.140625,0.876214997424454
369,-5.0,0.1875,0.8758995600253812
370,-4.0,0.09375,0.875584236183772
371,-4.0,0.375,0.8752690258587459
372,-4.0,0.109375,0.8749539290094367
373,-1.0,0.0625,0.8746389455949932
374,-1.0,0.0625,0.874324075574579
375,-4.0,0.171875,0.8740093189073722
376,-5.0,0.125,0.8736946755525655
377,-4.0,0.0625,0.8733801454693666
378,-4.0,0.078125,0.8730657286169976
379,-2.0,0.109375,0.8727514249546955
380,-3.0,0.078125,0.8724372344417117
381,-3.0,0.140625,0.8721231570373127
382,-3.0,0.078125,0.8718091927007793
383,-2.0,0.125,0.8714953413914069
384,-3.0,0.109375,0.871181603068506
385,-3.0,0.109375,0.8708679776914013
386,-4.0,0.03125,0.8705544652194324
387,-5.0,0.0625,0.8702410656119534
388,-3.0,0.140625,0.869927778828333
389,-5.0,0.15625,0.8696146048279548
390,-5.0,0.171875,0.8693015435702167
391,-2.0,0.15625,0.8689885950145314
392,-4.0,0.109375,0.8686757591203261
393,0.0,0.109375,0.8683630358470428
394,-5.0,0.0625,0.8680504251541378
395,-4.0,0.078125,0.8677379270010822
396,-4.0,0.078125,0.8674255413473618
397,-3.0,0.15625,0.8671132681524768
398,-3.0,0.109375,0.8668011073759418
399,-1.0,0.078125,0.8664890589772865
400,-4.0,0.140625,0.8661771229160546
401,-1.0,0.09375,0.8658652991518049
402,-2.0,0.109375,0.8655535876441102
403,-3.0,0.109375,0.8652419883525583
404,-3.0,0.09375,0.8649305012367513
405,-3.0,0.125,0.8646191262563061
406,-3.0,0.046875,0.8643078633708539
407,-2.0,0.140625,0.8639967125400403
408,-2.0,0.125,0.8636856737235259
409,-5.0,0.03125,0.8633747468809854
410,-2.0,0.125,0.8630639319721082
411,-4.0,0.140625,0.8627532289565982
412,-4.0,0.015625,0.8624426377941738
413,-3.0,0.15625,0.8621321584445679
414,-2.0,0.15625,0.8618217908675279
415,-5.0,0.046875,0.8615115350228155
416,-5.0,0.171875,0.8612013908702073
417,-4.0,0.078125,0.860891358369494
418,0.0,0.125,0.860581437480481
419,-3.0,0.109375,0.860271628162988
420,-2.0,0.078125,0.8599619303768493
421,-3.0,0.078125,0.8596523440819136
422,-2.0,0.15625,0.859342869238044
423,-4.0,0.125,0.8590335058051183
424,-3.0,0.09375,0.8587242537430284
425,-5.0,0.109375,0.8584151130116809
426,-3.0,0.078125,0.8581060835709967
427,-4.0,0.125,0.8577971653809111
428,-4.0,0.078125,0.8574883584013739
429,-3.0,0.09375,0.8571796625923495
430,-4.0,0.140625,0.8568710779138162
431,-4.0,0.078125,0.8565626043257673
432,-4.0,0.0625,0.85625424178821
433,-3.0,0.09375,0.8559459902611662
434,-3.0,0.0625,0.8556378497046722
435,-1.0,0.140625,0.8553298200787784
436,-2.0,0.109375,0.85502190134355
437,-5.0,0.109375,0.8547140934590663
438,-5.0,0.09375,0.854406396385421
439,-2.0,0.078125,0.8540988100827223
440,-2.0,0.125,0.8537913345110925
441,-3.0,0.046875,0.8534839696306684
442,-3.0,0.125,0.8531767154016013
443,-3.0,0.140625,0.8528695717840568
444,-3.0,0.140625,0.8525625387382145
445,-5.0,0.125,0.8522556162242687
446,-3.0,0.109375,0.8519488042024279
447,-5.0,0.109375,0.8516421026329151
448,-3.0,0.03125,0.8513355114759672
449,-4.0,0.140625,0.8510290306918358
450,-5.0,0.15625,0.8507226602407867
451,-2.0,0.140625,0.8504164000830999
452,-4.0,0.109375,0.85011025017907
453,0.0,0.078125,0.8498042104890056
454,-4.0,0.109375,0.8494982809732295
455,0.0,0.125,0.8491924615920792
456,-4.0,0.09375,0.848886752305906
457,-3.0,0.109375,0.8485811530750759
458,-3.0,0.109375,0.8482756638599688
459,-3.0,0.109375,0.8479702846209791
460,-2.0,0.09375,0.8476650153185156
461,-2.0,0.09375,0.8473598559130009
462,-4.0,0.40625,0.8470548063648722
463,-3.0,0.109375,0.8467498666345809
464,-5.0,0.125,0.8464450366825924
465,-2.0,0.09375,0.8461403164693867
466,-2.0,0.171875,0.8458357059554577
467,-5.0,0.09375,0.8455312051013136
468,-3.0,0.0625,0.8452268138674771
469,-1.0,0.171875,0.8449225322144848
470,-5.0,0.125,0.8446183601028875
471,-3.0,0.109375,0.8443142974932504
472,-3.0,0.203125,0.8440103443461527
473,-3.0,0.078125,0.8437065006221881
474,-1.0,0.078125,0.8434027662819641
475,-5.0,0.125,0.8430991412861025
476,-1.0,0.203125,0.8427956255952395
477,-4.0,0.15625,0.8424922191700251
478,-2.0,0.09375,0.8421889219711239
479,-2.0,0.109375,0.8418857339592143
480,-2.0,0.046875,0.841582655094989
481,-5.0,0.1875,0.8412796853391548
482,-3.0,0.109375,0.8409768246524326
483,-5.0,0.171875,0.8406740729955577
484,-5.0,0.171875,0.8403714303292793
485,-4.0,0.078125,0.8400688966143607
486,-4.0,0.09375,0.8397664718115795
487,-4.0,0.09375,0.8394641558817273
488,-3.0,0.125,0.8391619487856099
489,-4.0,0.125,0.8388598504840471
490,-5.0,0.078125,0.8385578609378728
491,-3.0,0.140625,0.8382559801079351
492,-2.0,0.078125,0.8379542079550962
493,-4.0,0.140625,0.8376525444402324
494,-5.0,0.078125,0.8373509895242339
495,-3.0,0.109375,0.8370495431680052
496,-4.0,0.109375,0.8367482053324646
497,-2.0,0.171875,0.8364469759785449
498,-5.0,0.171875,0.8361458550671926
499,-5.0,0.09375,0.8358448425593684
500,-3.0,0.09375,0.835543938416047
501,-3.0,0.078125,0.8352431425982172
502,-2.0,0.046875,0.8349424550668818
503,-2.0,0.09375,0.8346418757830577
504,-5.0,0.09375,0.8343414047077757
505,-3.0,0.078125,0.8340410418020809
506,-4.0,0.125,0.8337407870270321
507,-2.0,0.015625,0.8334406403437024
508,-5.0,0.171875,0.8331406017131786
509,-1.0,0.109375,0.8328406710965618
510,-4.0,0.078125,0.832540848454967
511,-3.0,0.109375,0.8322411337495232
512,-4.0,0.046875,0.8319415269413734
513,-3.0,0.125,0.8316420279916744
514,-5.0,0.109375,0.8313426368615974
515,-3.0,0.140625,0.8310433535123272
516,-5.0,0.09375,0.8307441779050627
517,-4.0,0.046875,0.8304451100010168
518,-3.0,0.125,0.8301461497614164
519,-3.0,0.09375,0.8298472971475023
520,-4.0,0.09375,0.8295485521205291
521,-5.0,0.046875,0.8292499146417657
522,-3.0,0.0625,0.8289513846724946
523,0.0,0.1875,0.8286529621740125
524,-2.0,0.171875,0.8283546471076298
525,-4.0,0.15625,0.8280564394346711
526,-5.0,0.015625,0.8277583391164746
527,-5.0,0.0625,0.8274603461143926
528,-3.0,0.109375,0.8271624603897914
529,-4.0,0.0625,0.826864681904051
530,-4.0,0.078125,0.8265670106185655
531,-4.0,0.09375,0.8262694464947428
532,-1.0,0.0625,0.8259719894940046
533,-3.0,0.171875,0.8256746395777868
534,-1.0,0.078125,0.8253773967075387
535,-4.0,0.09375,0.825080260844724
536,-4.0,0.046875,0.8247832319508198
537,-2.0,0.078125,0.8244863099873175
538,-2.0,0.203125,0.8241894949157221
539,-4.0,0.015625,0.8238927866975525
540,-4.0,0.046875,0.8235961852943413
541,-3.0,0.046875,0.8232996906676353
542,-3.0,0.15625,0.8230033027789949
543,-4.0,0.140625,0.8227070215899944
544,-4.0,0.0625,0.822410847062222
545,0.0,0.078125,0.8221147791572796
546,-2.0,0.09375,0.8218188178367829
547,-5.0,0.109375,0.8215229630623616
548,-5.0,0.0625,0.8212272147956592
549,0.0,0.140625,0.8209315729983327
550,-4.0,0.09375,0.8206360376320533
551,-3.0,0.078125,0.8203406086585058
552,-3.0,0.078125,0.8200452860393886
553,-3.0,0.15625,0.8197500697364144
554,-1.0,0.15625,0.8194549597113092
555,-5.0,0.140625,0.8191599559258131
556,-1.0,0.15625,0.8188650583416798
557,-4.0,0.171875,0.8185702669206767
558,-2.0,0.09375,0.8182755816245852
559,-3.0,0.109375,0.8179810024152003
560,-4.0,0.1875,0.8176865292543308
561,-4.0,0.078125,0.8173921621037993
562,-2.0,0.140625,0.8170979009254419
563,-4.0,0.078125,0.8168037456811087
564,-4.0,0.109375,0.8165096963326635
565,-1.0,0.078125,0.8162157528419837
566,-3.0,0.046875,0.8159219151709606
567,-4.0,0.09375,0.815628183281499
568,-3.0,0.09375,0.8153345571355176
569,-3.0,0.0625,0.8150410366949488
570,-2.0,0.046875,0.8147476219217386
571,-5.0,0.09375,0.8144543127778467
572,-3.0,0.09375,0.8141611092252466
573,-5.0,0.125,0.8138680112259256
574,-5.0,0.21875,0.8135750187418842
575,-4.0,0.109375,0.8132821317351371
576,-2.0,0.078125,0.8129893501677125
577,-3.0,0.109375,0.812696674001652
578,-4.0,0.15625,0.8124041031990114
579,-4.0,0.03125,0.8121116377218597
580,-4.0,0.09375,0.8118192775322798
581,-3.0,0.1875,0.8115270225923681
582,-3.0,0.15625,0.8112348728642348
583,-5.0,0.078125,0.8109428283100036
584,-5.0,0.078125,0.810650888891812
585,-2.0,0.125,0.8103590545718109
586,-2.0,0.078125,0.8100673253121651
587,-3.0,0.109375,0.8097757010750527
588,-4.0,0.125,0.8094841818226657
589,-3.0,0.078125,0.8091927675172095
590,-2.0,0.171875,0.8089014581209033
591,-3.0,0.078125,0.8086102535959797
592,-1.0,0.125,0.8083191539046851
593,-2.0,0.078125,0.8080281590092794
594,-2.0,0.125,0.807737268872036
595,-4.0,0.09375,0.8074464834552421
596,-4.0,0.1875,0.8071558027211981
597,-4.0,0.078125,0.8068652266322185
598,-2.0,0.109375,0.8065747551506308
599,-4.0,0.0625,0.8062843882387766
600,-3.0,0.109375,0.8059941258590106
601,-2.0,0.09375,0.8057039679737014
602,-2.0,0.140625,0.8054139145452308
603,-4.0,0.125,0.8051239655359945
604,-3.0,0.078125,0.8048341209084016
605,-2.0,0.125,0.8045443806248745
606,-3.0,0.078125,0.8042547446478495
607,-3.0,0.09375,0.8039652129397763
608,-3.0,0.0625,0.8036757854631179
609,1.0,0.078125,0.8033864621803511
610,-3.0,0.109375,0.8030972430539662
611,-4.0,0.078125,0.8028081280464668
612,-2.0,0.09375,0.80251911712037
613,-1.0,0.09375,0.8022302102382067
614,-3.0,0.0625,0.801941407362521
615,-2.0,0.15625,0.8016527084558704
616,-4.0,0.109375,0.8013641134808263
617,-4.0,0.078125,0.8010756223999731
618,-5.0,0.0625,0.8007872351759091
619,-5.0,0.109375,0.8004989517712457
620,-2.0,0.140625,0.800210772148608
621,-5.0,0.09375,0.7999226962706345
622,-3.0,0.09375,0.799634724099977
623,-4.0,0.15625,0.7993468555993011
624,-3.0,0.078125,0.7990590907312853
625,-2.0,0.09375,0.798771429458622
626,-3.0,0.09375,0.7984838717440169
627,-4.0,0.140625,0.798196417550189
628,-2.0,0.09375,0.797909066839871
629,-3.0,0.09375,0.7976218195758086
630,-4.0,0.078125,0.7973346757207612
631,-4.0,0.140625,0.7970476352375018
632,-3.0,0.078125,0.7967606980888162
633,-2.0,0.109375,0.7964738642375042
634,-3.0,0.109375,0.7961871336463787
635,1.0,0.078125,0.795900506278266
636,-5.0,0.09375,0.7956139820960059
637,-4.0,0.140625,0.7953275610624513
638,-2.0,0.078125,0.7950412431404688
639,-3.0,0.125,0.7947550282929382
640,-4.0,0.078125,0.7944689164827528
641,0.0,0.0625,0.794182907672819
642,-3.0,0.109375,0.7938970018260567
643,1.0,0.0625,0.7936111989053993
644,-2.0,0.09375,0.7933254988737933
645,-5.0,0.0625,0.7930399016941988
646,-1.0,0.125,0.7927544073295889
647,-4.0,0.171875,0.7924690157429503
648,-4.0,0.1875,0.7921837268972828
649,-4.0,0.078125,0.7918985407555997
650,-4.0,0.109375,0.7916134572809277
651,-4.0,0.046875,0.7913284764363065
652,-3.0,0.015625,0.7910435981847894
653,-5.0,0.125,0.7907588224894428
654,-2.0,0.078125,0.7904741493133466
655,-4.0,0.03125,0.7901895786195937
656,-5.0,0.171875,0.7899051103712906
657,1.0,0.140625,0.789620744531557
658,-2.0,0.09375,0.7893364810635256
659,-4.0,0.109375,0.7890523199303427
660,-2.0,0.109375,0.7887682610951678
661,-4.0,0.046875,0.7884843045211736
662,-5.0,0.125,0.7882004501715459
663,-3.0,0.078125,0.7879166980094842
664,-3.0,0.046875,0.7876330479982008
665,-2.0,0.125,0.7873495001009214
666,-5.0,0.09375,0.787066054280885
667,-2.0,0.03125,0.786782710501344
668,-3.0,0.046875,0.7864994687255634
669,-4.0,0.078125,0.7862163289168222
670,-3.0,0.171875,0.7859332910384121
671,-4.0,0.125,0.7856503550536383
672,-3.0,0.140625,0.785367520925819
673,-3.0,0.21875,0.7850847886182857
674,-3.0,0.1875,0.784802158094383
675,-3.0,0.109375,0.784519629317469
676,-2.0,0.109375,0.7842372022509146
677,-2.0,0.09375,0.7839548768581043
678,-5.0,0.125,0.7836726531024354
679,-1.0,0.125,0.7833905309473185
680,1.0,0.109375,0.7831085103561775
681,-4.0,0.09375,0.7828265912924492
682,-5.0,0.140625,0.782544773719584
683,-2.0,0.109375,0.7822630576010449
684,3.0,0.109375,0.7819814429003085
685,-5.0,0.078125,0.7816999295808643
686,-4.0,0.0625,0.7814185176062152
687,-4.0,0.09375,0.7811372069398769
688,-4.0,0.09375,0.7808559975453785
689,-3.0,0.046875,0.7805748893862622
690,-4.0,0.078125,0.7802938824260831
691,-3.0,0.109375,0.7800129766284097
692,-3.0,0.140625,0.7797321719568235
693,-4.0,0.109375,0.7794514683749191
694,-4.0,0.09375,0.7791708658463041
695,-2.0,0.125,0.7788903643345995
696,-4.0,0.125,0.7786099638034389
697,-4.0,0.109375,0.7783296642164697
698,-4.0,0.109375,0.7780494655373517
699,-5.0,0.078125,0.7777693677297582
700,-2.0,0.1875,0.7774893707573756
701,-3.0,0.109375,0.7772094745839029
702,-2.0,0.078125,0.7769296791730527
703,-5.0,0.078125,0.7766499844885504
704,-1.0,0.09375,0.7763703904941345
705,-4.0,0.203125,0.7760908971535566
706,-1.0,0.15625,0.7758115044305813
707,0.0,0.125,0.7755322122889863
708,-1.0,0.15625,0.7752530206925622
709,-2.0,0.109375,0.7749739296051128
710,-5.0,0.09375,0.7746949389904549
711,-5.0,0.109375,0.7744160488124183
712,-3.0,0.109375,0.7741372590348459
713,-3.0,0.125,0.7738585696215933
714,-4.0,0.078125,0.7735799805365294
715,-5.0,0.109375,0.7733014917435362
716,-4.0,0.109375,0.7730231032065086
717,-1.0,0.09375,0.7727448148893542
718,-3.0,0.0625,0.772466626755994
719,-3.0,0.15625,0.7721885387703618
720,-3.0,0.078125,0.7719105508964044
721,-4.0,0.078125,0.7716326630980817
722,-4.0,0.078125,0.7713548753393663
723,-1.0,0.140625,0.7710771875842442
724,-2.0,0.21875,0.7707995997967138
725,-3.0,0.046875,0.7705221119407869
726,-2.0,0.15625,0.7702447239804882
727,-3.0,0.0625,0.7699674358798552
728,-1.0,0.078125,0.7696902476029384
729,-4.0,0.171875,0.7694131591138013
730,-3.0,0.0625,0.7691361703765203
731,-3.0,0.125,0.7688592813551847
732,-3.0,0.109375,0.7685824920138967
733,-4.0,0.125,0.7683058023167717
734,-3.0,0.140625,0.7680292122279376
735,-3.0,0.09375,0.7677527217115355
736,-4.0,0.0625,0.7674763307317194
737,-3.0,0.078125,0.7672000392526559
738,-2.0,0.125,0.7669238472385249
739,-2.0,0.171875,0.766647754653519
740,-5.0,0.046875,0.7663717614618437
741,-2.0,0.0625,0.7660958676277174
742,-5.0,0.140625,0.7658200731153714
743,-2.0,0.203125,0.7655443778890498
744,-3.0,0.1875,0.7652687819130097
745,-2.0,0.0625,0.764993285151521
746,-4.0,0.171875,0.7647178875688664
747,-5.0,0.140625,0.7644425891293416
748,0.0,0.0625,0.7641673897972551
749,-3.0,0.109375,0.763892289536928
750,-3.0,0.109375,0.7636172883126947
751,-4.0,0.09375,0.7633423860889021
752,0.0,0.140625,0.7630675828299102
753,-2.0,0.203125,0.7627928785000914
754,-4.0,0.0625,0.7625182730638314
755,-5.0,0.109375,0.7622437664855284
756,-2.0,0.109375,0.7619693587295936
757,-2.0,0.140625,0.7616950497604509
758,-3.0,0.0625,0.7614208395425371
759,-2.0,0.109375,0.7611467280403018
760,-2.0,0.109375,0.7608727152182073
761,-5.0,0.09375,0.7605988010407287
762,-4.0,0.03125,0.760324985472354
763,-5.0,0.09375,0.760051268477584
764,-3.0,0.109375,0.759777650020932
765,-4.0,0.09375,0.7595041300669244
766,-1.0,0.078125,0.7592307085801003
767,-5.0,0.140625,0.7589573855250115
768,-3.0,0.046875,0.7586841608662225
769,-2.0,0.140625,0.7584110345683106
770,-1.0,0.109375,0.7581380065958659
771,0.0,0.046875,0.7578650769134914
772,-3.0,0.109375,0.7575922454858025
773,-4.0,0.125,0.7573195122774276
774,-3.0,0.046875,0.7570468772530077
775,-4.0,0.078125,0.7567743403771966
776,-3.0,0.03125,0.7565019016146608
777,-3.0,0.046875,0.7562295609300795
778,-3.0,0.046875,0.7559573182881447
779,-4.0,0.109375,0.7556851736535609
780,-4.0,0.109375,0.7554131269910456
781,-4.0,0.109375,0.7551411782653288
782,-4.0,0.140625,0.7548693274411532
783,-4.0,0.125,0.7545975744832744
784,-4.0,0.140625,0.7543259193564603
785,-4.0,0.109375,0.7540543620254919
786,-4.0,0.046875,0.7537829024551628
787,-4.0,0.09375,0.7535115406102789
788,-5.0,0.125,0.7532402764556592
789,-2.0,0.125,0.7529691099561351
790,-2.0,0.21875,0.7526980410765508
791,-4.0,0.078125,0.7524270697817632
792,-3.0,0.140625,0.7521561960366417
793,-3.0,0.078125,0.7518854198060685
794,-3.0,0.140625,0.7516147410549383
795,-5.0,0.171875,0.7513441597481585
796,-2.0,0.125,0.7510736758506491
797,-3.0,0.0625,0.7508032893273429
798,-3.0,0.125,0.750533000143185
799,-4.0,0.15625,0.7502628082631334
800,-3.0,0.046875,0.7499927136521587
801,-3.0,0.171875,0.7497227162752439
802,-2.0,0.140625,0.7494528160973848
803,-5.0,0.0625,0.7491830130835897
804,-3.0,0.15625,0.7489133071988796
805,-5.0,0.0625,0.748643698408288
806,-2.0,0.125,0.7483741866768611
807,-5.0,0.09375,0.7481047719696574
808,-5.0,0.109375,0.7478354542517484
809,-4.0,0.0625,0.7475662334882177
810,-4.0,0.09375,0.747297109644162
811,-5.0,0.171875,0.74702808268469
812,-5.0,0.09375,0.7467591525749235
813,-5.0,0.1875,0.7464903192799965
814,-4.0,0.125,0.7462215827650557
815,-4.0,0.109375,0.7459529429952603
816,-4.0,0.09375,0.745684399935782
817,-3.0,0.109375,0.745415953551805
818,-3.0,0.0625,0.7451476038085263
819,-5.0,0.078125,0.7448793506711552
820,-4.0,0.125,0.7446111941049135
821,-4.0,0.09375,0.7443431340750357
822,-3.0,0.15625,0.7440751705467686
823,-4.0,0.0625,0.7438073034853718
824,-5.0,0.125,0.7435395328561171
825,-2.0,0.078125,0.7432718586242888
826,-3.0,0.140625,0.743004280755184
827,-2.0,0.109375,0.7427367992141121
828,-3.0,0.078125,0.742469413966395
829,-4.0,0.109375,0.742202124977367
830,-2.0,0.09375,0.7419349322123752
831,-5.0,0.078125,0.7416678356367787
832,-3.0,0.125,0.7414008352159495
833,-5.0,0.125,0.7411339309152717
834,-4.0,0.171875,0.7408671227001422
835,-2.0,0.171875,0.7406004105359701
836,-3.0,0.09375,0.7403337943881771
837,-5.0,0.09375,0.7400672742221974
838,-3.0,0.125,0.7398008500034774
839,-3.0,0.125,0.7395345216974761
840,-3.0,0.09375,0.739268289269665
841,-3.0,0.109375,0.7390021526855279
842,-2.0,0.0625,0.7387361119105611
843,-4.0,0.09375,0.7384701669102732
844,-4.0,0.125,0.7382043176501855
845,-4.0,0.109375,0.7379385640958314
846,-2.0,0.046875,0.7376729062127568
847,-5.0,0.109375,0.7374073439665202
848,-4.0,0.109375,0.7371418773226922
849,-2.0,0.109375,0.736876506246856
850,0.0,0.078125,0.7366112307046071
851,-4.0,0.171875,0.7363460506615535
852,-3.0,0.109375,0.7360809660833153
853,-5.0,0.140625,0.7358159769355253
854,-2.0,0.09375,0.7355510831838284
855,-5.0,0.1875,0.7352862847938822
856,-5.0,0.109375,0.7350215817313565
857,-3.0,0.109375,0.7347569739619332
858,-3.0,0.078125,0.7344924614513069
859,-3.0,0.0625,0.7342280441651844
860,-2.0,0.0625,0.733963722069285
861,-5.0,0.15625,0.73369949512934
862,-2.0,0.140625,0.7334353633110934
863,-5.0,0.125,0.7331713265803014
864,-4.0,0.109375,0.7329073849027324
865,-2.0,0.1875,0.7326435382441674
866,-1.0,0.0625,0.7323797865703995
867,-2.0,0.046875,0.7321161298472341
868,-3.0,0.109375,0.731852568040489
869,-4.0,0.046875,0.7315891011159944
870,-3.0,0.0625,0.7313257290395926
871,-2.0,0.109375,0.7310624517771384
872,-2.0,0.140625,0.7307992692944986
873,-5.0,0.125,0.7305361815575525
874,-5.0,0.109375,0.7302731885321918
875,-3.0,0.1875,0.7300102901843202
876,-2.0,0.109375,0.7297474864798538
877,-2.0,0.109375,0.729484777384721
878,-2.0,0.140625,0.7292221628648624
879,-5.0,0.125,0.728959642886231
880,-2.0,0.109375,0.728697217414792
881,-5.0,0.109375,0.7284348864165227
882,-5.0,0.03125,0.7281726498574127
883,-4.0,0.0625,0.727910507703464
884,-3.0,0.109375,0.7276484599206907
885,-2.0,0.203125,0.7273865064751193
886,-4.0,0.09375,0.7271246473327883
887,-5.0,0.078125,0.7268628824597484
888,-2.0,0.09375,0.7266012118220628
889,-2.0,0.0625,0.7263396353858068
890,-3.0,0.171875,0.7260781531170679
891,-5.0,0.015625,0.7258167649819458
892,-3.0,0.140625,0.7255554709465523
893,-4.0,0.140625,0.7252942709770115
894,-5.0,0.1875,0.7250331650394597
895,-3.0,0.140625,0.7247721531000455
896,-1.0,0.140625,0.7245112351249294
897,-3.0,0.09375,0.7242504110802844
898,-5.0,0.09375,0.7239896809322955
899,-4.0,0.140625,0.7237290446471599
900,-3.0,0.125,0.7234685021910869
901,-1.0,0.078125,0.7232080535302982
902,1.0,0.09375,0.7229476986310273
903,-3.0,0.078125,0.72268743745952
904,-4.0,0.109375,0.7224272699820345
905,-5.0,0.09375,0.722167196164841
906,-2.0,0.109375,0.7219072159742217
907,-2.0,0.0625,0.7216473293764709
908,-4.0,0.140625,0.7213875363378953
909,-3.0,0.109375,0.7211278368248136
910,-3.0,0.21875,0.7208682308035567
911,-4.0,0.109375,0.7206087182404673
912,-4.0,0.140625,0.7203492991019007
913,-2.0,0.09375,0.720089973354224
914,-4.0,0.21875,0.7198307409638164
915,-5.0,0.0625,0.7195716018970694
916,-5.0,0.109375,0.7193125561203864
917,-2.0,0.140625,0.719053603600183
918,-2.0,0.140625,0.7187947443028869
919,-4.0,0.09375,0.7185359781949379
920,-3.0,0.0625,0.7182773052427877
921,-4.0,0.125,0.7180187254129002
922,-5.0,0.09375,0.7177602386717515
923,-4.0,0.140625,0.7175018449858297
924,-4.0,0.0625,0.7172435443216347
925,-4.0,0.125,0.7169853366456789
926,-5.0,0.0625,0.7167272219244865
927,-2.0,0.09375,0.7164692001245936
928,-5.0,0.078125,0.7162112712125487
929,-3.0,0.140625,0.7159534351549122
930,-2.0,0.09375,0.7156956919182563
931,-1.0,0.09375,0.7154380414691658
932,-4.0,0.046875,0.7151804837742368
933,-5.0,0.109375,0.714923018800078
934,-3.0,0.09375,0.71466564651331
935,-3.0,0.15625,0.7144083668805652
936,-4.0,0.125,0.7141511798684882
937,-4.0,0.125,0.7138940854437356
938,2.0,0.109375,0.7136370835729758
939,2.0,0.03125,0.7133801742228896
940,-3.0,0.03125,0.7131233573601693
941,-2.0,0.0625,0.7128666329515196
942,-4.0,0.046875,0.7126100009636571
943,-5.0,0.078125,0.7123534613633102
944,-5.0,0.078125,0.7120970141172194
945,-4.0,0.015625,0.7118406591921371
946,-4.0,0.140625,0.711584396554828
947,-2.0,0.125,0.7113282261720683
948,-4.0,0.109375,0.7110721480106463
949,-5.0,0.09375,0.7108161620373625
950,-5.0,0.140625,0.7105602682190291
951,-4.0,0.0625,0.7103044665224701
952,-2.0,0.09375,0.7100487569145221
953,-3.0,0.09375,0.7097931393620328
954,-4.0,0.09375,0.7095376138318624
955,-3.0,0.125,0.709282180290883
956,-3.0,0.0625,0.7090268387059783
957,-4.0,0.09375,0.7087715890440441
958,-4.0,0.0625,0.7085164312719883
959,-4.0,0.09375,0.7082613653567303
960,-4.0,0.0625,0.7080063912652019
961,-3.0,0.0625,0.7077515089643465
962,-4.0,0.109375,0.7074967184211193
963,-5.0,0.125,0.7072420196024877
964,-2.0,0.09375,0.7069874124754307
965,-3.0,0.09375,0.7067328970069395
966,-2.0,0.09375,0.706478473164017
967,-4.0,0.15625,0.7062241409136779
968,-4.0,0.03125,0.7059699002229489
969,-4.0,0.09375,0.7057157510588686
970,-5.0,0.046875,0.7054616933884874
971,-3.0,0.046875,0.7052077271788675
972,-4.0,0.109375,0.7049538523970831
973,-5.0,0.125,0.7047000690102201
974,-5.0,0.109375,0.7044463769853764
975,-3.0,0.125,0.7041927762896616
976,-3.0,0.140625,0.7039392668901973
977,-4.0,0.125,0.7036858487541168
978,-5.0,0.09375,0.7034325218485653
979,-4.0,0.0625,0.7031792861406998
980,-5.0,0.0625,0.7029261415976892
981,-5.0,0.078125,0.702673088186714
982,-4.0,0.09375,0.7024201258749668
983,-4.0,0.125,0.7021672546296518
984,-3.0,0.21875,0.701914474417985
985,-2.0,0.15625,0.7016617852071946
986,-4.0,0.125,0.7014091869645199
987,-3.0,0.15625,0.7011566796572127
988,-1.0,0.203125,0.7009042632525361
989,-4.0,0.078125,0.7006519377177651
990,-2.0,0.109375,0.7003997030201867
991,-5.0,0.109375,0.7001475591270995
992,-4.0,0.125,0.6998955060058137
993,-1.0,0.078125,0.6996435436236517
994,-4.0,0.140625,0.6993916719479472
995,-4.0,0.125,0.6991398909460459
996,-1.0,0.109375,0.6988882005853053
997,-4.0,0.1875,0.6986366008330946
998,-1.0,0.140625,0.6983850916567947
999,-5.0,0.078125,0.6981336730237983
1000,-5.0,0.125,0.6978823449015097
1001,-4.0,0.078125,0.6976311072573451
1002,-3.0,0.15625,0.6973799600587325
1003,-5.0,0.109375,0.6971289032731113
1004,-5.0,0.0625,0.696877936867933
1005,-4.0,0.0625,0.6966270608106605
1006,-3.0,0.21875,0.6963762750687686
1007,-2.0,0.125,0.6961255796097439
1008,-4.0,0.078125,0.6958749744010844
1009,-3.0,0.140625,0.6956244594102999
1010,0.0,0.21875,0.6953740346049122
1011,-3.0,0.078125,0.6951236999524544
1012,-4.0,0.078125,0.6948734554204715
1013,-5.0,0.125,0.6946233009765201
1014,-4.0,0.171875,0.6943732365881686
1015,-5.0,0.125,0.6941232622229969
1016,-2.0,0.046875,0.6938733778485966
1017,-2.0,0.078125,0.6936235834325711
1018,-4.0,0.125,0.6933738789425354
1019,-2.0,0.125,0.6931242643461161
1020,-4.0,0.09375,0.6928747396109515
1021,-1.0,0.0625,0.6926253047046915
1022,-4.0,0.140625,0.6923759595949979
1023,-3.0,0.046875,0.6921267042495437
1024,-2.0,0.078125,0.6918775386360139
1025,-1.0,0.125,0.6916284627221049
1026,-3.0,0.140625,0.6913794764755249
1027,-4.0,0.109375,0.6911305798639937
1028,-3.0,0.109375,0.6908817728552427
1029,-2.0,0.078125,0.6906330554170148
1030,-4.0,0.09375,0.6903844275170646
1031,-5.0,0.140625,0.6901358891231585
1032,-2.0,0.109375,0.6898874402030741
1033,-2.0,0.125,0.689639080724601
1034,-1.0,0.09375,0.6893908106555401
1035,-3.0,0.078125,0.6891426299637041
1036,-2.0,0.0625,0.6888945386169172
1037,-5.0,0.140625,0.6886465365830151
1038,-5.0,0.078125,0.6883986238298452
1039,-3.0,0.09375,0.6881508003252664
1040,-4.0,0.140625,0.6879030660371493
1041,-5.0,0.109375,0.687655420933376
1042,-3.0,0.109375,0.6874078649818399
1043,-3.0,0.078125,0.6871603981504465
1044,-2.0,0.046875,0.6869130204071123
1045,-3.0,0.078125,0.6866657317197657
1046,0.0,0.078125,0.6864185320563466
1047,-2.0,0.046875,0.6861714213848064
1048,-1.0,0.125,0.6859243996731078
1049,-3.0,0.078125,0.6856774668892255
1050,-2.0,0.0625,0.6854306230011453
1051,-4.0,0.078125,0.6851838679768649
1052,-4.0,0.03125,0.6849372017843932
1053,-3.0,0.09375,0.6846906243917508
1054,0.0,0.0625,0.6844441357669697
1055,-5.0,0.125,0.6841977358780936
1056,-4.0,0.0625,0.6839514246931775
1057,-4.0,0.046875,0.683705202180288
1058,-4.0,0.09375,0.683459068307503
1059,-3.0,0.0625,0.6832130230429123
1060,-4.0,0.15625,0.6829670663546169
1061,-5.0,0.125,0.6827211982107292
1062,-4.0,0.140625,0.6824754185793733
1063,-3.0,0.140625,0.6822297274286847
1064,-3.0,0.125,0.6819841247268104
1065,-5.0,0.109375,0.6817386104419086
1066,-5.0,0.140625,0.6814931845421496
1067,-4.0,0.109375,0.6812478469957144
1068,-3.0,0.125,0.681002597770796
1069,-3.0,0.09375,0.6807574368355984
1070,-5.0,0.125,0.6805123641583376
1071,-2.0,0.09375,0.6802673797072406
1072,-5.0,0.0625,0.680022483450546
1073,-5.0,0.125,0.6797776753565037
1074,-2.0,0.0625,0.6795329553933753
1075,-5.0,0.078125,0.6792883235294337
1076,-3.0,0.078125,0.679043779732963
1077,-5.0,0.171875,0.6787993239722592
1078,-5.0,0.09375,0.6785549562156291
1079,-3.0,0.0625,0.6783106764313914
1080,-1.0,0.09375,0.6780664845878761
1081,-1.0,0.03125,0.6778223806534245
1082,-4.0,0.09375,0.6775783645963892
1083,-2.0,0.25,0.6773344363851345
1084,-3.0,0.0625,0.6770905959880358
1085,-5.0,0.109375,0.6768468433734801
1086,-5.0,0.15625,0.6766031785098656
1087,-3.0,0.0625,0.676359601365602
1088,-3.0,0.140625,0.6761161119091104
1089,-2.0,0.046875,0.6758727101088231
1090,-4.0,0.109375,0.6756293959331839
1091,0.0,0.09375,0.675386169350648
1092,-4.0,0.09375,0.6751430303296817
1093,-4.0,0.15625,0.674899978838763
1094,-3.0,0.078125,0.674657014846381
1095,-5.0,0.140625,0.6744141383210362
1096,-4.0,0.140625,0.6741713492312407
1097,-5.0,0.109375,0.6739286475455174
1098,-2.0,0.0625,0.673686033232401
1099,-5.0,0.09375,0.6734435062604373
1100,-4.0,0.09375,0.6732010665981835
1101,-3.0,0.125,0.672958714214208
1102,-5.0,0.140625,0.6727164490770909
1103,-4.0,0.140625,0.6724742711554231
1104,-4.0,0.140625,0.6722321804178072
1105,-2.0,0.078125,0.6719901768328568
1106,-4.0,0.0625,0.6717482603691969
1107,-4.0,0.109375,0.6715064309954639
1108,-4.0,0.078125,0.6712646886803055
1109,-3.0,0.046875,0.6710230333923806
1110,-2.0,0.109375,0.6707814651003593
1111,-2.0,0.15625,0.6705399837729231
1112,-5.0,0.0625,0.6702985893787649
1113,-3.0,0.09375,0.6700572818865885
1114,-4.0,0.078125,0.6698160612651093
1115,-4.0,0.109375,0.6695749274830538
1116,-4.0,0.046875,0.6693338805091599
1117,-5.0,0.078125,0.6690929203121766
1118,-4.0,0.0625,0.6688520468608642
1119,-4.0,0.09375,0.6686112601239943
1120,-5.0,0.109375,0.6683705600703497
1121,-4.0,0.109375,0.6681299466687244
1122,-2.0,0.109375,0.6678894198879236
1123,-4.0,0.078125,0.667648979696764
1124,-2.0,0.109375,0.6674086260640731
1125,-4.0,0.09375,0.6671683589586901
1126,-1.0,0.046875,0.6669281783494649
1127,-1.0,0.15625,0.6666880842052592
1128,-4.0,0.125,0.6664480764949452
1129,-4.0,0.09375,0.666208155187407
1130,-4.0,0.0625,0.6659683202515395
1131,-3.0,0.109375,0.665728571656249
1132,-5.0,0.078125,0.6654889093704527
1133,-4.0,0.109375,0.6652493333630793
1134,-2.0,0.140625,0.6650098436030686
1135,-3.0,0.15625,0.6647704400593715
1136,-5.0,0.0625,0.66453112270095
1137,-3.0,0.140625,0.6642918914967777
1138,-4.0,0.09375,0.6640527464158389
1139,-4.0,0.125,0.6638136874271292
1140,-5.0,0.125,0.6635747144996554
1141,-5.0,0.09375,0.6633358276024356
1142,1.0,0.078125,0.6630970267044987
1143,-4.0,0.15625,0.662858311774885
1144,-2.0,0.078125,0.6626196827826459
1145,-3.0,0.15625,0.6623811396968442
1146,-3.0,0.125,0.6621426824865533
1147,-3.0,0.046875,0.6619043111208581
1148,-5.0,0.09375,0.6616660255688546
1149,-3.0,0.109375,0.6614278257996498
1150,-2.0,0.0625,0.6611897117823619
1151,0.0,0.0625,0.6609516834861202
1152,-3.0,0.078125,0.6607137408800652
1153,-5.0,0.078125,0.6604758839333483
1154,-3.0,0.15625,0.6602381126151323
1155,-4.0,0.109375,0.6600004268945908
1156,-3.0,0.171875,0.6597628267409088
1157,-2.0,0.046875,0.659525312123282
1158,-5.0,0.09375,0.6592878830109177
1159,-3.0,0.09375,0.6590505393730337
1160,-4.0,0.0625,0.6588132811788594
1161,-2.0,0.09375,0.658576108397635
1162,-3.0,0.046875,0.6583390209986119
1163,-2.0,0.078125,0.6581020189510524
1164,-5.0,0.140625,0.65786510222423
1165,-2.0,0.0625,0.6576282707874292
1166,-3.0,0.09375,0.6573915246099458
1167,-2.0,0.109375,0.6571548636610862
1168,-4.0,0.125,0.6569182879101683
1169,-3.0,0.09375,0.6566817973265205
1170,-4.0,0.0625,0.656445391879483
1171,-4.0,0.125,0.6562090715384064
1172,-3.0,0.15625,0.6559728362726525
1173,-1.0,0.171875,0.6557366860515943
1174,-1.0,0.125,0.6555006208446157
1175,-4.0,0.125,0.6552646406211116
1176,-2.0,0.109375,0.6550287453504879
1177,-2.0,0.21875,0.6547929350021617
1178,-2.0,0.171875,0.654557209545561
1179,-4.0,0.140625,0.6543215689501245
1180,-3.0,0.140625,0.6540860131853025
1181,-1.0,0.171875,0.6538505422205557
1182,-3.0,0.125,0.6536151560253562
1183,-4.0,0.109375,0.6533798545691871
1184,-4.0,0.125,0.6531446378215422
1185,-2.0,0.1875,0.6529095057519264
1186,0.0,0.109375,0.6526744583298557
1187,-3.0,0.09375,0.6524394955248569
1188,-4.0,0.09375,0.652204617306468
1189,-3.0,0.125,0.6519698236442376
1190,-3.0,0.140625,0.6517351145077257
1191,-4.0,0.125,0.6515004898665029
1192,-1.0,0.046875,0.651265949690151
1193,-3.0,0.109375,0.6510314939482624
1194,-2.0,0.125,0.6507971226104411
1195,-4.0,0.109375,0.6505628356463014
1196,-3.0,0.078125,0.6503286330254686
1197,-4.0,0.078125,0.6500945147175794
1198,-3.0,0.140625,0.6498604806922811
1199,-4.0,0.09375,0.6496265309192318
1200,-3.0,0.109375,0.6493926653681009
1201,-5.0,0.140625,0.6491588840085684
1202,-4.0,0.09375,0.6489251868103253
1203,-5.0,0.09375,0.6486915737430735
1204,2.0,0.09375,0.648458044776526
1205,-3.0,0.078125,0.6482245998804065
1206,-1.0,0.078125,0.6479912390244496
1207,-2.0,0.03125,0.6477579621784008
1208,-3.0,0.09375,0.6475247693120165
1209,-3.0,0.09375,0.6472916603950641
1210,-4.0,0.125,0.6470586353973219
1211,0.0,0.109375,0.6468256942885788
1212,-4.0,0.171875,0.6465928370386349
1213,-3.0,0.078125,0.646360063617301
1214,-5.0,0.09375,0.6461273739943988
1215,-4.0,0.09375,0.6458947681397608
1216,-4.0,0.046875,0.6456622460232304
1217,-3.0,0.09375,0.6454298076146621
1218,-4.0,0.109375,0.6451974528839207
1219,-3.0,0.109375,0.6449651818008825
1220,-4.0,0.125,0.6447329943354342
1221,-2.0,0.125,0.6445008904574734
1222,-3.0,0.015625,0.6442688701369087
1223,-3.0,0.125,0.6440369333436594
1224,-2.0,0.09375,0.6438050800476557
1225,-1.0,0.046875,0.6435733102188386
1226,-5.0,0.15625,0.6433416238271598
1227,0.0,0.171875,0.643110020842582
1228,-3.0,0.09375,0.6428785012350786
1229,-2.0,0.078125,0.642647064974634
1230,-4.0,0.109375,0.642415712031243
1231,-1.0,0.125,0.6421844423749118
1232,-4.0,0.09375,0.6419532559756568
1233,0.0,0.125,0.6417221528035055
1234,-4.0,0.09375,0.6414911328284962
1235,0.0,0.09375,0.641260196020678
1236,-3.0,0.125,0.6410293423501106
1237,-5.0,0.0625,0.6407985717868645
1238,-4.0,0.140625,0.6405678843010212
1239,-5.0,0.09375,0.6403372798626727
1240,-3.0,0.078125,0.6401067584419222
1241,-3.0,0.078125,0.6398763200088831
1242,-2.0,0.0625,0.6396459645336798
1243,-4.0,0.046875,0.6394156919864477
1244,-3.0,0.171875,0.6391855023373325
1245,-1.0,0.078125,0.6389553955564911
1246,-1.0,0.125,0.6387253716140907
1247,-5.0,0.125,0.6384954304803097
1248,-4.0,0.09375,0.6382655721253367
1249,-5.0,0.140625,0.6380357965193716
1250,-4.0,0.125,0.6378061036326246
1251,-2.0,0.125,0.6375764934353169
1252,-3.0,0.09375,0.6373469658976801
1253,-3.0,0.09375,0.637117520989957
1254,-5.0,0.140625,0.6368881586824006
1255,-4.0,0.125,0.6366588789452748
1256,-3.0,0.0625,0.6364296817488545
1257,-4.0,0.03125,0.6362005670634249
1258,-2.0,0.15625,0.635971534859282
1259,-3.0,0.109375,0.6357425851067326
1260,-2.0,0.109375,0.6355137177760942
1261,-4.0,0.09375,0.6352849328376948
1262,-4.0,0.140625,0.6350562302618732
1263,-3.0,0.140625,0.6348276100189789
1264,-4.0,0.109375,0.634599072079372
1265,-5.0,0.140625,0.6343706164134234
1266,-4.0,0.09375,0.6341422429915146
1267,-3.0,0.125,0.6339139517840376
1268,-3.0,0.078125,0.6336857427613953
1269,-2.0,0.125,0.6334576158940012
1270,-2.0,0.140625,0.6332295711522793
1271,-2.0,0.171875,0.6330016085066644
1272,-4.0,0.046875,0.632773727927602
1273,-4.0,0.0625,0.6325459293855481
1274,-4.0,0.09375,0.6323182128509693
1275,-1.0,0.09375,0.632090578294343
1276,-5.0,0.140625,0.631863025686157
1277,-4.0,0.171875,0.63163555499691
1278,-3.0,0.0625,0.6314081661971112
1279,-3.0,0.078125,0.6311808592572802
1280,-2.0,0.0625,0.6309536341479476
1281,-3.0,0.0625,0.6307264908396543
1282,-4.0,0.109375,0.630499429302952
1283,-3.0,0.09375,0.6302724495084029
1284,-4.0,0.09375,0.6300455514265798
1285,-3.0,0.125,0.6298187350280662
1286,-3.0,0.125,0.6295920002834561
1287,-2.0,0.15625,0.629365347163354
1288,-2.0,0.09375,0.6291387756383752
1289,-5.0,0.109375,0.6289122856791454
1290,-2.0,0.0625,0.6286858772563009
1291,-2.0,0.125,0.6284595503404886
1292,-2.0,0.09375,0.6282333049023661
1293,-3.0,0.015625,0.6280071409126012
1294,-4.0,0.046875,0.6277810583418727
1295,-4.0,0.171875,0.6275550571608696
1296,-3.0,0.078125,0.6273291373402916
1297,-5.0,0.0625,0.627103298850849
1298,-1.0,0.0625,0.6268775416632627
1299,-1.0,0.046875,0.6266518657482639
1300,-5.0,0.046875,0.6264262710765945
1301,-3.0,0.140625,0.626200757619007
1302,-3.0,0.078125,0.6259753253462641
1303,-5.0,0.078125,0.6257499742291395
1304,-2.0,0.109375,0.625524704238417
1305,0.0,0.109375,0.6252995153448911
1306,-4.0,0.09375,0.6250744075193669
1307,-5.0,0.1875,0.6248493807326599
1308,-2.0,0.140625,0.6246244349555962
1309,-3.0,0.0625,0.6243995701590122
1310,-3.0,0.109375,0.6241747863137549
1311,-3.0,0.078125,0.6239500833906819
1312,-3.0,0.15625,0.6237254613606612
1313,-2.0,0.109375,0.6235009201945714
1314,-2.0,0.078125,0.6232764598633013
1315,-2.0,0.078125,0.6230520803377505
1316,-5.0,0.109375,0.6228277815888289
1317,-3.0,0.078125,0.6226035635874569
1318,-5.0,0.09375,0.6223794263045654
1319,-4.0,0.140625,0.6221553697110958
1320,-1.0,0.109375,0.6219313937779998
1321,-4.0,0.109375,0.6217074984762396
1322,-4.0,0.09375,0.6214836837767882
1323,-3.0,0.09375,0.6212599496506286
1324,-4.0,0.09375,0.6210362960687543
1325,-3.0,0.109375,0.6208127230021696
1326,-5.0,0.078125,0.6205892304218888
1327,-2.0,0.171875,0.620365818298937
1328,-1.0,0.109375,0.6201424866043493
1329,-4.0,0.109375,0.6199192353091718
1330,-4.0,0.09375,0.6196960643844605
1331,-5.0,0.03125,0.6194729738012821
1332,-4.0,0.1875,0.6192499635307136
1333,-5.0,0.109375,0.6190270335438425
1334,-3.0,0.046875,0.6188041838117667
1335,-2.0,0.09375,0.6185814143055944
1336,0.0,0.109375,0.6183587249964444
1337,-3.0,0.09375,0.6181361158554457
1338,-3.0,0.09375,0.6179135868537378
1339,-5.0,0.015625,0.6176911379624704
1340,-4.0,0.140625,0.6174687691528039
1341,-1.0,0.0625,0.6172464803959089
1342,-5.0,0.09375,0.6170242716629664
1343,-4.0,0.078125,0.6168021429251677
1344,-1.0,0.09375,0.6165800941537146
1345,2.0,0.078125,0.6163581253198193
1346,-2.0,0.03125,0.6161362363947042
1347,-3.0,0.109375,0.615914427349602
1348,-5.0,0.0625,0.6156926981557561
1349,-3.0,0.0625,0.61547104878442
1350,-5.0,0.046875,0.6152494792068577
1351,-3.0,0.09375,0.6150279893943432
1352,-3.0,0.078125,0.6148065793181613
1353,-4.0,0.125,0.6145852489496068
1354,-5.0,0.125,0.6143639982599849
1355,-5.0,0.125,0.6141428272206113
1356,-3.0,0.171875,0.6139217358028118
1357,-1.0,0.15625,0.6137007239779229
1358,-5.0,0.140625,0.6134797917172908
1359,-2.0,0.078125,0.6132589389922726
1360,-4.0,0.078125,0.6130381657742353
1361,-4.0,0.03125,0.6128174720345566
1362,-4.0,0.0625,0.6125968577446241
1363,-4.0,0.1875,0.6123763228758361
1364,-4.0,0.078125,0.6121558673996008
1365,-2.0,0.140625,0.6119354912873369
1366,-3.0,0.15625,0.6117151945104735
1367,-4.0,0.09375,0.6114949770404497
1368,-5.0,0.125,0.6112748388487151
1369,-5.0,0.125,0.6110547799067296
1370,-5.0,0.03125,0.6108348001859631
1371,-3.0,0.109375,0.6106148996578962
1372,-4.0,0.140625,0.6103950782940193
1373,-3.0,0.046875,0.6101753360658334
1374,-4.0,0.09375,0.6099556729448496
1375,-4.0,0.125,0.6097360889025895
1376,0.0,0.125,0.6095165839105845
1377,-4.0,0.140625,0.6092971579403766
1378,-4.0,0.078125,0.6090778109635181
1379,-4.0,0.078125,0.6088585429515712
1380,-3.0,0.15625,0.6086393538761086
1381,-1.0,0.09375,0.6084202437087132
1382,-4.0,0.09375,0.608201212420978
1383,-4.0,0.125,0.6079822599845065
1384,-3.0,0.15625,0.6077633863709121
1385,-5.0,0.03125,0.6075445915518185
1386,-4.0,0.203125,0.6073258754988599
1387,-2.0,0.078125,0.6071072381836803
1388,-1.0,0.078125,0.6068886795779341
1389,-2.0,0.078125,0.6066701996532861
1390,-3.0,0.0625,0.6064517983814108
1391,-2.0,0.0625,0.6062334757339936
1392,-3.0,0.140625,0.6060152316827293
1393,-2.0,0.109375,0.6057970661993235
1394,-3.0,0.15625,0.6055789792554918
1395,-1.0,0.09375,0.6053609708229598
1396,-4.0,0.15625,0.6051430408734635
1397,-3.0,0.109375,0.6049251893787491
1398,-4.0,0.078125,0.6047074163105727
1399,-5.0,0.046875,0.6044897216407008
1400,-3.0,0.15625,0.6042721053409101
1401,-3.0,0.078125,0.6040545673829874
1402,-5.0,0.140625,0.6038371077387295
1403,-4.0,0.03125,0.6036197263799435
1404,-2.0,0.046875,0.6034024232784467
1405,-4.0,0.109375,0.6031851984060664
1406,-5.0,0.046875,0.6029680517346402
1407,-3.0,0.15625,0.6027509832360157
1408,-4.0,0.125,0.6025339928820508
1409,-5.0,0.046875,0.6023170806446132
1410,-2.0,0.09375,0.6021002464955811
1411,-2.0,0.0625,0.6018834904068427
1412,-5.0,0.046875,0.6016668123502963
1413,-3.0,0.109375,0.6014502122978501
1414,-5.0,0.046875,0.6012336902214229
1415,-5.0,0.0625,0.6010172460929432
1416,-3.0,0.109375,0.6008008798843497
1417,0.0,0.0625,0.6005845915675914
1418,-3.0,0.078125,0.600368381114627
1419,-2.0,0.078125,0.6001522484974257
1420,-3.0,0.046875,0.5999361936879666
1421,-5.0,0.09375,0.5997202166582389
1422,-4.0,0.046875,0.5995043173802419
1423,-3.0,0.15625,0.599288495825985
1424,-2.0,0.140625,0.5990727519674877
1425,-4.0,0.09375,0.5988570857767793
1426,-2.0,0.0625,0.5986414972258997
1427,-4.0,0.078125,0.5984259862868984
1428,-4.0,0.09375,0.598210552931835
1429,-3.0,0.0625,0.5979951971327795
1430,-3.0,0.125,0.5977799188618117
1431,-4.0,0.09375,0.5975647180910214
1432,-2.0,0.125,0.5973495947925086
1433,1.0,0.09375,0.5971345489383832
1434,-4.0,0.15625,0.5969195805007654
1435,-3.0,0.140625,0.5967046894517851
1436,-4.0,0.140625,0.5964898757635825
1437,-5.0,0.125,0.5962751394083076
1438,-2.0,0.109375,0.5960604803581205
1439,-4.0,0.125,0.5958458985851915
1440,-2.0,0.140625,0.5956313940617008
1441,-1.0,0.09375,0.5954169667598386
1442,-2.0,0.09375,0.595202616651805
1443,-2.0,0.09375,0.5949883437098102
1444,-2.0,0.125,0.5947741479060747
1445,-3.0,0.078125,0.5945600292128286
1446,-3.0,0.109375,0.5943459876023119
1447,1.0,0.125,0.5941320230467751
1448,-3.0,0.125,0.5939181355184783
1449,-5.0,0.0625,0.5937043249896916
1450,-5.0,0.125,0.5934905914326953
1451,-4.0,0.09375,0.5932769348197795
1452,-3.0,0.078125,0.5930633551232444
1453,-4.0,0.109375,0.5928498523154
1454,-4.0,0.140625,0.5926364263685664
1455,-3.0,0.078125,0.5924230772550737
1456,-2.0,0.15625,0.5922098049472618
1457,-4.0,0.03125,0.5919966094174808
1458,2.0,0.15625,0.5917834906380904
1459,-5.0,0.09375,0.5915704485814607
1460,-5.0,0.109375,0.5913574832199714
1461,-3.0,0.109375,0.5911445945260122
1462,-3.0,0.1875,0.5909317824719829
1463,-2.0,0.171875,0.5907190470302929
1464,-4.0,0.1875,0.590506388173362
1465,-1.0,0.078125,0.5902938058736196
1466,-4.0,0.09375,0.590081300103505
1467,-3.0,0.171875,0.5898688708354677
1468,-5.0,0.109375,0.589656518041967
1469,-3.0,0.09375,0.5894442416954718
1470,-2.0,0.09375,0.5892320417684614
1471,-5.0,0.09375,0.5890199182334248
1472,-4.0,0.1875,0.5888078710628608
1473,-1.0,0.046875,0.5885959002292782
1474,-3.0,0.15625,0.5883840057051957
1475,-4.0,0.140625,0.5881721874631418
1476,-3.0,0.09375,0.5879604454756551
1477,-1.0,0.09375,0.5877487797152838
1478,-2.0,0.140625,0.5875371901545863
1479,-3.0,0.0625,0.5873256767661306
1480,-4.0,0.109375,0.5871142395224948
1481,0.0,0.046875,0.5869028783962666
1482,-2.0,0.078125,0.586691593360044
1483,-5.0,0.140625,0.5864803843864344
1484,-4.0,0.015625,0.5862692514480552
1485,-5.0,0.125,0.5860581945175338
1486,-5.0,0.078125,0.5858472135675075
1487,-3.0,0.109375,0.5856363085706231
1488,-5.0,0.078125,0.5854254794995376
1489,2.0,0.078125,0.5852147263269177
1490,-4.0,0.078125,0.58500404902544
1491,-3.0,0.15625,0.5847934475677908
1492,-1.0,0.078125,0.5845829219266664
1493,-5.0,0.09375,0.5843724720747727
1494,-3.0,0.109375,0.5841620979848258
1495,-3.0,0.046875,0.5839517996295512
1496,-3.0,0.078125,0.5837415769816846
1497,-2.0,0.109375,0.5835314300139712
1498,-4.0,0.109375,0.5833213586991662
1499,-3.0,0.03125,0.5831113630100345
1500,-4.0,0.046875,0.5829014429193509
1501,-2.0,0.140625,0.5826915983998999
1502,-3.0,0.078125,0.5824818294244759
1503,-4.0,0.125,0.5822721359658831
1504,-3.0,0.15625,0.5820625179969354
1505,-3.0,0.046875,0.5818529754904566
1506,-2.0,0.078125,0.58164350841928
1507,-3.0,0.0625,0.5814341167562491
1508,-3.0,0.046875,0.5812248004742169
1509,-2.0,0.125,0.5810155595460461
1510,-4.0,0.125,0.5808063939446095
1511,-2.0,0.078125,0.5805973036427895
1512,-3.0,0.109375,0.5803882886134781
1513,-4.0,0.0625,0.5801793488295772
1514,-3.0,0.03125,0.5799704842639986
1515,-3.0,0.125,0.5797616948896634
1516,-4.0,0.125,0.5795529806795031
1517,-4.0,0.09375,0.5793443416064584
1518,-2.0,0.140625,0.5791357776434801
1519,-3.0,0.140625,0.5789272887635285
1520,-3.0,0.09375,0.5787188749395736
1521,-4.0,0.09375,0.5785105361445954
1522,-3.0,0.109375,0.5783022723515833
1523,-5.0,0.140625,0.5780940835335366
1524,-1.0,0.15625,0.5778859696634645
1525,-3.0,0.046875,0.5776779307143857
1526,-4.0,0.140625,0.5774699666593285
1527,-4.0,0.15625,0.5772620774713311
1528,-5.0,0.09375,0.5770542631234413
1529,-3.0,0.09375,0.5768465235887169
1530,-5.0,0.0625,0.5766388588402249
1531,-1.0,0.09375,0.5764312688510425
1532,-1.0,0.109375,0.576223753594256
1533,-5.0,0.09375,0.5760163130429621
1534,-5.0,0.046875,0.5758089471702666
1535,-5.0,0.171875,0.5756016559492854
1536,-1.0,0.109375,0.5753944393531436
1537,-5.0,0.078125,0.5751872973549764
1538,-1.0,0.109375,0.5749802299279286
1539,-4.0,0.078125,0.5747732370451546
1540,-3.0,0.046875,0.5745663186798183
1541,0.0,0.140625,0.5743594748050935
1542,-2.0,0.15625,0.5741527053941636
1543,-4.0,0.0625,0.5739460104202218
1544,-3.0,0.046875,0.5737393898564704
1545,-3.0,0.015625,0.5735328436761221
1546,-5.0,0.0625,0.5733263718523987
1547,-5.0,0.0625,0.5731199743585318
1548,-4.0,0.046875,0.5729136511677627
1549,-5.0,0.09375,0.5727074022533423
1550,-3.0,0.078125,0.5725012275885311
1551,-4.0,0.140625,0.5722951271465991
1552,-3.0,0.125,0.5720891009008263
1553,-4.0,0.09375,0.571883148824502
1554,-2.0,0.109375,0.5716772708909251
1555,-4.0,0.109375,0.5714714670734043
1556,-5.0,0.0625,0.5712657373452579
1557,-3.0,0.078125,0.5710600816798136
1558,-3.0,0.078125,0.5708545000504088
1559,-3.0,0.0625,0.5706489924303907
1560,-3.0,0.046875,0.5704435587931157
1561,-3.0,0.0625,0.5702381991119502
1562,-5.0,0.15625,0.5700329133602698
1563,-4.0,0.046875,0.5698277015114601
1564,-3.0,0.109375,0.5696225635389159
1565,-1.0,0.0625,0.5694174994160419
1566,-2.0,0.09375,0.5692125091162521
1567,-3.0,0.09375,0.5690075926129702
1568,-2.0,0.09375,0.5688027498796295
1569,-3.0,0.140625,0.5685979808896728
1570,-4.0,0.140625,0.5683932856165526
1571,-4.0,0.046875,0.5681886640337306
1572,-2.0,0.125,0.5679841161146785
1573,-4.0,0.046875,0.5677796418328772
1574,-2.0,0.078125,0.5675752411618173
1575,-3.0,0.046875,0.5673709140749991
1576,-3.0,0.0625,0.567166660545932
1577,-1.0,0.15625,0.5669624805481355
1578,-4.0,0.078125,0.5667583740551382
1579,-4.0,0.171875,0.5665543410404783
1580,-3.0,0.125,0.5663503814777037
1581,-5.0,0.0625,0.5661464953403716
1582,-5.0,0.078125,0.565942682602049
1583,-5.0,0.09375,0.5657389432363124
1584,-4.0,0.09375,0.5655352772167472
1585,-3.0,0.15625,0.5653316845169492
1586,-1.0,0.140625,0.565128165110523
1587,-5.0,0.0625,0.5649247189710832
1588,-3.0,0.03125,0.5647213460722535
1589,-3.0,0.15625,0.5645180463876676
1590,-3.0,0.046875,0.564314819890968
1591,-3.0,0.203125,0.5641116665558072
1592,-3.0,0.0625,0.5639085863558472
1593,-1.0,0.125,0.5637055792647591
1594,-3.0,0.046875,0.5635026452562237
1595,-1.0,0.140625,0.5632997843039315
1596,-5.0,0.0625,0.5630969963815821
1597,-3.0,0.125,0.5628942814628847
1598,-3.0,0.125,0.562691639521558
1599,-1.0,0.046875,0.5624890705313302
1600,-2.0,0.09375,0.562286574465939
1601,-2.0,0.15625,0.5620841512991313
1602,-4.0,0.09375,0.5618818010046636
1603,-5.0,0.046875,0.5616795235563019
1604,-4.0,0.09375,0.5614773189278216
1605,-4.0,0.015625,0.5612751870930076
1606,-3.0,0.078125,0.5610731280256541
1607,-3.0,0.046875,0.5608711416995649
1608,-3.0,0.03125,0.560669228088553
1609,-5.0,0.078125,0.5604673871664412
1610,-5.0,0.125,0.5602656189070613
1611,-4.0,0.078125,0.5600639232842547
1612,-4.0,0.109375,0.5598623002718723
1613,-4.0,0.0625,0.5596607498437745
1614,-4.0,0.109375,0.5594592719738307
1615,-1.0,0.078125,0.5592578666359201
1616,-4.0,0.125,0.5590565338039312
1617,-2.0,0.03125,0.5588552734517618
1618,-3.0,0.15625,0.5586540855533191
1619,-4.0,0.046875,0.5584529700825198
1620,-3.0,0.0625,0.5582519270132901
1621,-2.0,0.078125,0.5580509563195653
1622,-3.0,0.140625,0.5578500579752902
1623,-3.0,0.078125,0.5576492319544191
1624,-3.0,0.109375,0.5574484782309155
1625,-5.0,0.140625,0.5572477967787524
1626,-3.0,0.234375,0.557047187571912
1627,-5.0,0.109375,0.5568466505843861
1628,-4.0,0.125,0.5566461857901757
1629,-5.0,0.078125,0.5564457931632912
1630,-4.0,0.046875,0.5562454726777525
1631,-4.0,0.125,0.5560452243075885
1632,-4.0,0.15625,0.5558450480268378
1633,-4.0,0.078125,0.5556449438095481
1634,-5.0,0.109375,0.5554449116297766
1635,-4.0,0.09375,0.5552449514615899
1636,-4.0,0.0625,0.5550450632790638
1637,-2.0,0.109375,0.5548452470562834
1638,-3.0,0.109375,0.554645502767343
1639,-3.0,0.0625,0.5544458303863468
1640,-4.0,0.09375,0.5542462298874077
1641,-2.0,0.140625,0.5540467012446482
1642,-4.0,0.0625,0.5538472444322001
1643,-2.0,0.09375,0.5536478594242045
1644,-3.0,0.078125,0.5534485461948118
1645,-4.0,0.09375,0.5532493047181816
1646,-3.0,0.078125,0.553050134968483
1647,-3.0,0.125,0.5528510369198943
1648,-2.0,0.109375,0.5526520105466032
1649,0.0,0.125,0.5524530558228063
1650,-4.0,0.046875,0.5522541727227102
1651,-3.0,0.15625,0.55205536122053
1652,-4.0,0.078125,0.5518566212904906
1653,-4.0,0.078125,0.5516579529068261
1654,-4.0,0.09375,0.5514593560437796
1655,-5.0,0.0625,0.5512608306756038
1656,-3.0,0.0625,0.5510623767765606
1657,-3.0,0.078125,0.550863994320921
1658,-5.0,0.15625,0.5506656832829655
1659,-5.0,0.03125,0.5504674436369836
1660,-4.0,0.125,0.5502692753572743
1661,-4.0,0.078125,0.5500711784181457
1662,-5.0,0.109375,0.5498731527939151
1663,-2.0,0.125,0.5496751984589093
1664,-2.0,0.046875,0.5494773153874641
1665,-3.0,0.109375,0.5492795035539246
1666,-2.0,0.09375,0.5490817629326452
1667,-5.0,0.078125,0.5488840934979895
1668,-4.0,0.140625,0.5486864952243302
1669,-2.0,0.09375,0.5484889680860494
1670,-5.0,0.078125,0.5482915120575385
1671,-3.0,0.09375,0.5480941271131977
1672,-2.0,0.0625,0.547896813227437
1673,-3.0,0.0625,0.5476995703746751
1674,-5.0,0.078125,0.5475023985293402
1675,-2.0,0.046875,0.5473052976658697
1676,-3.0,0.0625,0.5471082677587099
1677,1.0,0.078125,0.5469113087823168
1678,-4.0,0.109375,0.5467144207111551
1679,-4.0,0.125,0.546517603519699
1680,-3.0,0.0625,0.546320857182432
1681,-4.0,0.109375,0.5461241816738462
1682,-2.0,0.078125,0.5459275769684436
1683,-4.0,0.109375,0.5457310430407349
1684,-5.0,0.03125,0.5455345798652402
1685,-3.0,0.09375,0.5453381874164888
1686,-4.0,0.078125,0.5451418656690188
1687,-4.0,0.09375,0.5449456145973779
1688,-3.0,0.09375,0.5447494341761229
1689,-5.0,0.078125,0.5445533243798194
1690,-2.0,0.0625,0.5443572851830426
1691,-5.0,0.078125,0.5441613165603767
1692,-4.0,0.109375,0.543965418486415
1693,-5.0,0.046875,0.5437695909357598
1694,2.0,0.0625,0.5435738338830229
1695,-2.0,0.109375,0.5433781473028251
1696,-3.0,0.140625,0.5431825311697961
1697,-5.0,0.0625,0.5429869854585749
1698,-4.0,0.109375,0.5427915101438099
1699,-4.0,0.25,0.5425961052001581
1700,-1.0,0.046875,0.5424007706022861
1701,-4.0,0.03125,0.5422055063248693
1702,0.0,0.03125,0.5420103123425923
1703,-5.0,0.1875,0.541815188630149
1704,-2.0,0.09375,0.5416201351622422
1705,-3.0,0.0625,0.5414251519135838
1706,-5.0,0.125,0.5412302388588949
1707,-5.0,0.046875,0.5410353959729056
1708,0.0,0.078125,0.5408406232303553
1709,-3.0,0.09375,0.5406459206059924
1710,-3.0,0.09375,0.5404512880745742
1711,-4.0,0.140625,0.5402567256108673
1712,-2.0,0.046875,0.5400622331896474
1713,-4.0,0.09375,0.5398678107856991
1714,-3.0,0.078125,0.5396734583738163
1715,-4.0,0.125,0.5394791759288017
1716,1.0,0.046875,0.5392849634254673
1717,-3.0,0.140625,0.5390908208386341
1718,-1.0,0.125,0.5388967481431323
1719,-1.0,0.1875,0.5387027453138007
1720,0.0,0.125,0.5385088123254878
1721,-5.0,0.109375,0.5383149491530506
1722,-4.0,0.109375,0.5381211557713554
1723,-3.0,0.09375,0.5379274321552777
1724,-4.0,0.03125,0.5377337782797018
1725,-4.0,0.171875,0.5375401941195211
1726,-3.0,0.078125,0.5373466796496381
1727,-1.0,0.109375,0.5371532348449642
1728,-3.0,0.078125,0.53695985968042
1729,-4.0,0.09375,0.5367665541309351
1730,-3.0,0.09375,0.5365733181714479
1731,-3.0,0.109375,0.5363801517769062
1732,-4.0,0.078125,0.5361870549222665
1733,-5.0,0.109375,0.5359940275824945
1734,-3.0,0.046875,0.5358010697325648
1735,-3.0,0.109375,0.535608181347461
1736,-5.0,0.140625,0.5354153624021759
1737,-3.0,0.140625,0.5352226128717111
1738,-5.0,0.171875,0.5350299327310774
1739,-2.0,0.078125,0.5348373219552941
1740,-5.0,0.125,0.5346447805193901
1741,-2.0,0.0625,0.5344523083984032
1742,-4.0,0.109375,0.5342599055673798
1743,-3.0,0.171875,0.5340675720013756
1744,-5.0,0.125,0.5338753076754551
1745,-4.0,0.078125,0.5336831125646919
1746,-5.0,0.09375,0.5334909866441686
1747,-4.0,0.109375,0.5332989298889766
1748,-3.0,0.078125,0.5331069422742166
1749,-3.0,0.375,0.5329150237749979
1750,-4.0,0.0625,0.5327231743664389
1751,-4.0,0.078125,0.532531394023667
1752,-3.0,0.0625,0.5323396827218184
1753,-4.0,0.03125,0.5321480404360386
1754,-2.0,0.078125,0.5319564671414816
1755,-2.0,0.046875,0.5317649628133106
1756,-4.0,0.109375,0.5315735274266978
1757,-3.0,0.03125,0.5313821609568242
1758,-3.0,0.046875,0.5311908633788798
1759,-5.0,0.09375,0.5309996346680633
1760,-2.0,0.15625,0.5308084747995828
1761,-2.0,0.0625,0.530617383748655
1762,-2.0,0.078125,0.5304263614905055
1763,-5.0,0.078125,0.5302354080003688
1764,-5.0,0.109375,0.5300445232534887
1765,-4.0,0.09375,0.5298537072251175
1766,-5.0,0.125,0.5296629598905165
1767,-2.0,0.0625,0.5294722812249559
1768,-2.0,0.078125,0.5292816712037149
1769,-4.0,0.078125,0.5290911298020816
1770,-4.0,0.046875,0.5289006569953528
1771,-2.0,0.0625,0.5287102527588344
1772,-2.0,0.109375,0.5285199170678412
1773,-3.0,0.09375,0.5283296498976967
1774,-5.0,0.109375,0.5281394512237335
1775,-3.0,0.0625,0.527949321021293
1776,-4.0,0.109375,0.5277592592657253
1777,-4.0,0.0625,0.5275692659323896
1778,-4.0,0.15625,0.527379340996654
1779,-1.0,0.078125,0.5271894844338951
1780,-3.0,0.125,0.5269996962194989
1781,-4.0,0.078125,0.52680997632886
1782,-1.0,0.109375,0.5266203247373815
1783,-2.0,0.140625,0.5264307414204761
1784,-4.0,0.078125,0.5262412263535647
1785,-3.0,0.0625,0.5260517795120775
1786,-2.0,0.09375,0.5258624008714531
1787,-4.0,0.09375,0.5256730904071394
1788,0.0,0.109375,0.5254838480945928
1789,-4.0,0.109375,0.5252946739092788
1790,-2.0,0.046875,0.5251055678266714
1791,-3.0,0.078125,0.5249165298222538
1792,-5.0,0.09375,0.5247275598715178
1793,0.0,0.15625,0.524538657949964
1794,-5.0,0.125,0.524349824033102
1795,-5.0,0.078125,0.5241610580964501
1796,-3.0,0.046875,0.5239723601155354
1797,-4.0,0.078125,0.5237837300658937
1798,-4.0,0.109375,0.52359516792307
1799,-2.0,0.109375,0.5234066736626177
1800,-1.0,0.171875,0.5232182472600991
1801,-5.0,0.09375,0.5230298886910855
1802,-3.0,0.046875,0.5228415979311567
1803,-5.0,0.109375,0.5226533749559015
1804,-3.0,0.1875,0.5224652197409173
1805,-3.0,0.109375,0.5222771322618106
1806,-3.0,0.109375,0.5220891124941963
1807,-2.0,0.078125,0.5219011604136984
1808,-4.0,0.0625,0.5217132759959494
1809,-2.0,0.03125,0.5215254592165909
1810,-5.0,0.140625,0.5213377100512729
1811,-3.0,0.046875,0.5211500284756545
1812,-4.0,0.0625,0.5209624144654033
1813,-4.0,0.09375,0.5207748679961957
1814,-1.0,0.078125,0.520587389043717
1815,-4.0,0.0625,0.5203999775836613
1816,-2.0,0.109375,0.5202126335917312
1817,-3.0,0.140625,0.5200253570436382
1818,-2.0,0.078125,0.5198381479151024
1819,-3.0,0.109375,0.519651006181853
1820,-3.0,0.171875,0.5194639318196276
1821,-2.0,0.140625,0.5192769248041725
1822,-4.0,0.125,0.519089985111243
1823,-2.0,0.078125,0.5189031127166029
1824,-2.0,0.03125,0.5187163075960249
1825,-2.0,0.0625,0.5185295697252904
1826,-4.0,0.09375,0.5183428990801893
1827,-5.0,0.171875,0.5181562956365204
1828,-2.0,0.09375,0.5179697593700913
1829,-2.0,0.15625,0.517783290256718
1830,-4.0,0.09375,0.5175968882722256
1831,-3.0,0.0625,0.5174105533924476
1832,-2.0,0.109375,0.5172242855932263
1833,-3.0,0.03125,0.5170380848504127
1834,-4.0,0.109375,0.5168519511398665
1835,-3.0,0.078125,0.5166658844374561
1836,-5.0,0.09375,0.5164798847190586
1837,-3.0,0.15625,0.5162939519605597
1838,-4.0,0.125,0.5161080861378539
1839,-4.0,0.09375,0.5159222872268442
1840,-4.0,0.0625,0.5157365552034425
1841,-5.0,0.09375,0.5155508900435692
1842,-3.0,0.109375,0.5153652917231536
1843,-3.0,0.046875,0.5151797602181333
1844,-1.0,0.046875,0.5149942955044547
1845,-4.0,0.140625,0.5148088975580731
1846,-4.0,0.078125,0.5146235663549522
1847,-4.0,0.109375,0.5144383018710644
1848,-4.0,0.09375,0.5142531040823908
1849,-3.0,0.0625,0.5140679729649211
1850,-5.0,0.0625,0.5138829084946538
1851,-5.0,0.125,0.5136979106475957
1852,-3.0,0.109375,0.5135129793997626
1853,-3.0,0.140625,0.5133281147271787
1854,-4.0,0.046875,0.5131433166058769
1855,-4.0,0.09375,0.5129585850118987
1856,-5.0,0.0625,0.5127739199212944
1857,-3.0,0.125,0.5125893213101227
1858,-1.0,0.046875,0.512404789154451
1859,-4.0,0.125,0.5122203234303554
1860,-2.0,0.140625,0.5120359241139204
1861,-3.0,0.09375,0.5118515911812394
1862,-2.0,0.140625,0.5116673246084141
1863,-5.0,0.09375,0.5114831243715551
1864,-3.0,0.109375,0.5112989904467813
1865,-5.0,0.046875,0.5111149228102204
1866,-3.0,0.09375,0.5109309214380088
1867,-4.0,0.0625,0.5107469863062911
1868,-4.0,0.046875,0.5105631173912208
1869,-5.0,0.046875,0.51037931466896
1870,-3.0,0.046875,0.5101955781156792
1871,-3.0,0.078125,0.5100119077075576
1872,-3.0,0.140625,0.5098283034207828
1873,-3.0,0.078125,0.5096447652315513
1874,-5.0,0.15625,0.5094612931160679
1875,-5.0,0.15625,0.5092778870505461
1876,-4.0,0.140625,0.5090945470112079
1877,-3.0,0.203125,0.5089112729742838
1878,-3.0,0.09375,0.5087280649160131
1879,-4.0,0.0625,0.5085449228126433
1880,-4.0,0.125,0.5083618466404307
1881,-5.0,0.046875,0.5081788363756401
1882,-3.0,0.078125,0.5079958919945449
1883,-4.0,0.09375,0.5078130134734268
1884,-2.0,0.046875,0.5076302007885763
1885,-2.0,0.109375,0.5074474539162924
1886,-2.0,0.109375,0.5072647728328825
1887,-2.0,0.09375,0.5070821575146627
1888,-3.0,0.109375,0.5068996079379574
1889,-2.0,0.109375,0.5067171240790997
1890,-5.0,0.09375,0.5065347059144313
1891,-4.0,0.0625,0.506352353420302
1892,-2.0,0.125,0.5061700665730707
1893,-5.0,0.125,0.5059878453491045
1894,-2.0,0.078125,0.5058056897247788
1895,-2.0,0.09375,0.5056235996764779
1896,-3.0,0.109375,0.5054415751805943
1897,-4.0,0.15625,0.5052596162135292
1898,-2.0,0.078125,0.5050777227516924
1899,-5.0,0.078125,0.5048958947715018
1900,-4.0,0.0625,0.504714132249384
1901,-3.0,0.078125,0.5045324351617742
1902,-3.0,0.140625,0.5043508034851159
1903,-3.0,0.09375,0.5041692371958612
1904,-4.0,0.125,0.5039877362704707
1905,-5.0,0.0625,0.5038063006854133
1906,-4.0,0.078125,0.5036249304171666
1907,-5.0,0.140625,0.5034436254422164
1908,-4.0,0.15625,0.5032623857370572
1909,-5.0,0.09375,0.5030812112781918
1910,-4.0,0.140625,0.5029001020421316
1911,-5.0,0.109375,0.5027190580053965
1912,-3.0,0.109375,0.5025380791445145
1913,-3.0,0.140625,0.5023571654360225
1914,-3.0,0.125,0.5021763168564655
1915,-3.0,0.125,0.5019955333823971
1916,-4.0,0.046875,0.5018148149903794
1917,-2.0,0.046875,0.5016341616569828
1918,-4.0,0.0625,0.5014535733587863
1919,-5.0,0.109375,0.5012730500723771
1920,-3.0,0.109375,0.5010925917743511
1921,-5.0,0.09375,0.5009121984413123
1922,-3.0,0.125,0.5007318700498734
1923,0.0,0.046875,0.5005516065766554
1924,-3.0,0.03125,0.5003714079982878
1925,-1.0,0.09375,0.5001912742914084
1926,-4.0,0.09375,0.5000112054326635
1927,-5.0,0.15625,0.49983120139870774
1928,-4.0,0.09375,0.4996512621662042
1929,-3.0,0.046875,0.49947138771182437
1930,-5.0,0.0625,0.4992915780122481
1931,-3.0,0.078125,0.4991118330441637
1932,-5.0,0.078125,0.4989321527842678
1933,-2.0,0.078125,0.49875253720926543
1934,-2.0,0.125,0.4985729862958701
1935,-4.0,0.078125,0.49839350002080357
1936,-4.0,0.09375,0.49821407836079606
1937,-4.0,0.09375,0.4980347212925862
1938,-5.0,0.046875,0.49785542879292083
1939,-4.0,0.0625,0.49767620083855535
1940,-3.0,0.078125,0.49749703740625345
1941,-4.0,0.015625,0.4973179384727872
1942,-4.0,0.078125,0.497138904014937
1943,-5.0,0.09375,0.4969599340094916
1944,-4.0,0.03125,0.4967810284332482
1945,-1.0,0.046875,0.4966021872630122
1946,-5.0,0.09375,0.4964234104755975
1947,-2.0,0.0625,0.4962446980478263
1948,-4.0,0.140625,0.49606604995652903
1949,-4.0,0.078125,0.4958874661785447
1950,-4.0,0.078125,0.4957089466907204
1951,-3.0,0.078125,0.49553049146991174
1952,-3.0,0.09375,0.49535210049298256
1953,-4.0,0.109375,0.4951737737368051
1954,-4.0,0.0625,0.49499551117825985
1955,-3.0,0.046875,0.4948173127942357
1956,-2.0,0.0625,0.49463917856162976
1957,-3.0,0.125,0.49446110845734753
1958,-3.0,0.078125,0.49428310245830287
1959,-5.0,0.125,0.49410516054141784
1960,-3.0,0.109375,0.4939272826836229
1961,-5.0,0.15625,0.4937494688618568
1962,-5.0,0.09375,0.4935717190530665
1963,-3.0,0.0625,0.4933940332342074
1964,-5.0,0.09375,0.49321641138224304
1965,-2.0,0.09375,0.4930388534741454
1966,-4.0,0.0625,0.4928613594868947
1967,-5.0,0.109375,0.4926839293974794
1968,-4.0,0.078125,0.4925065631828963
1969,-3.0,0.15625,0.49232926082015044
1970,-5.0,0.15625,0.49215202228625515
1971,-2.0,0.109375,0.49197484755823206
1972,-3.0,0.03125,0.4917977366131111
1973,-4.0,0.125,0.49162068942793036
1974,-5.0,0.046875,0.4914437059797363
1975,-2.0,0.09375,0.49126678624558356
1976,-5.0,0.109375,0.49108993020253516
1977,-3.0,0.125,0.4909131378276622
1978,-5.0,0.03125,0.4907364090980442
1979,-4.0,0.0625,0.4905597439907689
1980,-5.0,0.078125,0.4903831424829322
1981,-4.0,0.171875,0.49020660455163834
1982,-2.0,0.078125,0.4900301301739997
1983,-3.0,0.046875,0.48985371932713706
1984,-3.0,0.171875,0.4896773719881793
1985,-1.0,0.15625,0.4895010881342635
1986,-3.0,0.046875,0.4893248677425352
1987,-5.0,0.0625,0.4891487107901479
1988,-5.0,0.046875,0.4889726172542634
1989,-4.0,0.140625,0.4887965871120518
1990,-3.0,0.0625,0.4886206203406915
1991,-3.0,0.015625,0.4884447169173688
1992,-3.0,0.046875,0.48826887681927855
1993,-3.0,0.078125,0.4880931000236236
1994,-3.0,0.0625,0.48791738650761507
1995,-5.0,0.109375,0.48774173624847234
1996,-1.0,0.0625,0.4875661492234229
1997,-4.0,0.078125,0.48739062540970246
1998,-3.0,0.0625,0.48721516478455495
1999,-5.0,0.109375,0.4870397673252325
2000,-2.0,0.171875,0.4868644330089954
2001,-2.0,0.046875,0.48668916181311217
2002,-4.0,0.109375,0.48651395371485945
2003,-4.0,0.109375,0.4863388086915221
2004,-3.0,0.078125,0.4861637267203931
2005,-5.0,0.0,0.48598870777877373
2006,-3.0,0.0625,0.48581375184397335
2007,-5.0,0.140625,0.4856388588933095
2008,-5.0,0.0625,0.4854640289041079
2009,-3.0,0.09375,0.4852892618537024
2010,-4.0,0.078125,0.48511455771943507
2011,-4.0,0.078125,0.4849399164786561
2012,-2.0,0.125,0.48476533810872374
2013,-3.0,0.078125,0.4845908225870046
2014,-4.0,0.046875,0.4844163698908733
2015,-3.0,0.046875,0.48424197999771257
2016,-3.0,0.0625,0.4840676528849134
2017,-2.0,0.140625,0.4838933885298748
2018,-1.0,0.140625,0.48371918691000404
2019,-4.0,0.046875,0.4835450480027164
2020,-4.0,0.109375,0.4833709717854354
2021,-3.0,0.125,0.48319695823559267
2022,-4.0,0.046875,0.48302300733062786
2023,-5.0,0.09375,0.48284911904798883
2024,-4.0,0.078125,0.48267529336513154
2025,-3.0,0.046875,0.4825015302595201
2026,-1.0,0.09375,0.48232782970862664
2027,-4.0,0.0625,0.4821541916899315
2028,-2.0,0.03125,0.48198061618092314
2029,-4.0,0.09375,0.48180710315909797
2030,-3.0,0.046875,0.48163365260196067
2031,-4.0,0.140625,0.48146026448702395
2032,-1.0,0.140625,0.4812869387918086
2033,-4.0,0.109375,0.48111367549384354
2034,-4.0,0.078125,0.48094047457066574
2035,-3.0,0.046875,0.4807673359998203
2036,-4.0,0.109375,0.48059425975886033
2037,-4.0,0.109375,0.4804212458253471
2038,-3.0,0.0625,0.48024829417685
2039,2.0,0.171875,0.48007540479094635
2040,-4.0,0.109375,0.4799025776452216
2041,-5.0,0.015625,0.4797298127172693
2042,-5.0,0.125,0.47955710998469103
2043,-3.0,0.09375,0.47938446942509655
2044,-4.0,0.046875,0.4792118910161035
2045,-3.0,0.046875,0.4790393747353377
2046,-5.0,0.0625,0.47886692056043295
2047,1.0,0.09375,0.47869452846903116
2048,-1.0,0.109375,0.4785221984387823
2049,-2.0,0.109375,0.4783499304473443
2050,-1.0,0.109375,0.47817772447238327
2051,-3.0,0.046875,0.4780055804915732
2052,-1.0,0.109375,0.4778334984825962
2053,-3.0,0.0625,0.47766147842314244
2054,-4.0,0.109375,0.4774895202909101
2055,-2.0,0.046875,0.47731762406360534
2056,-1.0,0.09375,0.47714578971894245
2057,-2.0,0.09375,0.4769740172346436
2058,-3.0,0.140625,0.47680230658843914
2059,-4.0,0.125,0.4766306577580673
2060,-5.0,0.109375,0.47645907072127436
2061,-3.0,0.109375,0.4762875454558147
2062,-3.0,0.078125,0.4761160819394506
2063,-4.0,0.0625,0.4759446801499524
2064,-4.0,0.09375,0.4757733400650984
2065,-4.0,0.09375,0.475602061662675
2066,-4.0,0.109375,0.47543084492047644
2067,-1.0,0.109375,0.47525968981630506
2068,-4.0,0.015625,0.4750885963279712
2069,-2.0,0.078125,0.4749175644332931
2070,-3.0,0.078125,0.47474659411009706
2071,-3.0,0.171875,0.4745756853362174
2072,0.0,0.046875,0.47440483808949635
2073,-3.0,0.15625,0.4742340523477841
2074,-2.0,0.140625,0.47406332808893886
2075,-2.0,0.109375,0.47389266529082685
2076,-3.0,0.109375,0.47372206393132216
2077,-5.0,0.0625,0.47355152398830686
2078,-3.0,0.15625,0.4733810454396711
2079,-4.0,0.078125,0.4732106282633128
2080,-5.0,0.078125,0.473040272437138
2081,-5.0,0.078125,0.4728699779390606
2082,-3.0,0.109375,0.47269974474700255
2083,-3.0,0.109375,0.47252957283889363
2084,-4.0,0.140625,0.4723594621926716
2085,-5.0,0.09375,0.47218941278628224
2086,-3.0,0.109375,0.47201942459767915
2087,-3.0,0.015625,0.471849497604824
2088,-2.0,0.046875,0.4716796317856862
2089,-1.0,0.09375,0.47150982711824335
2090,-2.0,0.09375,0.4713400835804808
2091,-3.0,0.03125,0.4711704011503918
2092,-4.0,0.0625,0.47100077980597765
2093,-4.0,0.09375,0.4708312195252475
2094,-5.0,0.0625,0.4706617202862184
2095,-3.0,0.09375,0.47049228206691535
2096,-4.0,0.09375,0.47032290484537126
2097,-4.0,0.0625,0.4701535885996269
2098,-1.0,0.078125,0.46998433330773104
2099,-4.0,0.125,0.46981513894774024
2100,-3.0,0.0625,0.46964600549771907
2101,-1.0,0.046875,0.4694769329357399
2102,-3.0,0.140625,0.469307921239883
2103,-5.0,0.046875,0.46913897038823665
2104,-4.0,0.125,0.46897008035889687
2105,-5.0,0.109375,0.4688012511299677
2106,-3.0,0.046875,0.46863248267956087
2107,-2.0,0.09375,0.4684637749857962
2108,-3.0,0.078125,0.46829512802680134
2109,-3.0,0.125,0.46812654178071167
2110,-2.0,0.140625,0.4679580162256706
2111,-5.0,0.0625,0.46778955133982936
2112,-3.0,0.0625,0.467621147101347
2113,-5.0,0.09375,0.4674528034883905
2114,-4.0,0.171875,0.4672845204791347
2115,-2.0,0.109375,0.4671162980517622
2116,-5.0,0.078125,0.46694813618446357
2117,-5.0,0.015625,0.4667800348554372
2118,-5.0,0.03125,0.4666119940428892
2119,-1.0,0.09375,0.46644401372503375
2120,-5.0,0.0625,0.4662760938800927
2121,-4.0,0.109375,0.4661082344862959
2122,-5.0,0.046875,0.4659404355218808
2123,-3.0,0.09375,0.46577269696509294
2124,-3.0,0.0625,0.4656050187941855
2125,-3.0,0.125,0.46543740098741954
2126,0.0,0.078125,0.46526984352306405
2127,0.0,0.109375,0.46510234637939574
2128,-3.0,0.09375,0.4649349095346991
2129,-3.0,0.046875,0.46476753296726664
2130,-5.0,0.109375,0.4646002166553984
2131,-3.0,0.09375,0.46443296057740246
2132,-4.0,0.078125,0.4642657647115946
2133,-3.0,0.109375,0.4640986290362984
2134,-4.0,0.125,0.46393155352984533
2135,-5.0,0.078125,0.46376453817057456
2136,3.0,0.078125,0.4635975829368331
2137,-4.0,0.109375,0.4634306878069758
2138,-5.0,0.140625,0.4632638527593653
2139,-4.0,0.078125,0.46309707777237197
2140,-3.0,0.0625,0.4629303628243739
2141,-3.0,0.03125,0.4627637078937571
2142,-4.0,0.0625,0.4625971129589153
2143,-5.0,0.109375,0.4624305779982501
2144,-3.0,0.125,0.46226410299017073
2145,-5.0,0.09375,0.46209768791309425
2146,-4.0,0.03125,0.4619313327454455
2147,-3.0,0.0625,0.4617650374656571
2148,-3.0,0.125,0.46159880205216947
2149,-2.0,0.03125,0.4614326264834307
2150,-4.0,0.078125,0.46126651073789665
2151,-3.0,0.09375,0.461100454794031
2152,-2.0,0.171875,0.46093445863030513
2153,-3.0,0.046875,0.4607685222251982
2154,-5.0,0.0625,0.4606026455571971
2155,-2.0,0.015625,0.4604368286047965
2156,-5.0,0.15625,0.46027107134649875
2157,-5.0,0.078125,0.460105373760814
2158,-4.0,0.0625,0.4599397358262601
2159,-3.0,0.0625,0.45977415752136264
2160,-3.0,0.125,0.4596086388246549
2161,-3.0,0.046875,0.459443179714678
2162,-4.0,0.03125,0.4592777801699807
2163,-3.0,0.140625,0.4591124401691195
2164,-2.0,0.09375,0.45894715969065863
2165,-3.0,0.09375,0.45878193871316997
2166,-3.0,0.03125,0.4586167772152332
2167,-5.0,0.21875,0.4584516751754357
2168,-2.0,0.078125,0.45828663257237257
2169,-4.0,0.078125,0.4581216493846465
2170,-4.0,0.109375,0.45795672559086803
2171,-2.0,0.109375,0.4577918611696553
2172,-4.0,0.15625,0.4576270560996342
2173,-4.0,0.0625,0.45746231035943835
2174,-4.0,0.140625,0.45729762392770895
2175,-5.0,0.046875,0.457132996783095
2176,-4.0,0.109375,0.45696842890425304
2177,1.0,0.109375,0.4568039202698475
2178,-4.0,0.140625,0.45663947085855033
2179,-4.0,0.078125,0.45647508064904124
2180,-5.0,0.0625,0.45631074962000756
2181,-1.0,0.09375,0.45614647775014433
2182,-3.0,0.125,0.45598226501815425
2183,-4.0,0.140625,0.4558181114027477
2184,-3.0,0.140625,0.4556540168826427
2185,-3.0,0.078125,0.45548998143656494
2186,-5.0,0.0625,0.4553260050432478
2187,-2.0,0.109375,0.4551620876814322
2188,-3.0,0.0625,0.45499822932986683
2189,-3.0,0.140625,0.45483442996730805
2190,-3.0,0.09375,0.4546706895725198
2191,-5.0,0.21875,0.4545070081242737
2192,-5.0,0.09375,0.45434338560134896
2193,-5.0,0.078125,0.4541798219825325
2194,-3.0,0.140625,0.4540163172466188
2195,-3.0,0.109375,0.45385287137241
2196,-3.0,0.0625,0.4536894843387159
2197,-4.0,0.0625,0.453526156124354
2198,-2.0,0.125,0.4533628867081492
2199,-3.0,0.03125,0.4531996760689343
2200,-4.0,0.09375,0.45303652418554946
2201,-4.0,0.109375,0.45287343103684263
2202,-4.0,0.109375,0.45271039660166934
2203,-3.0,0.078125,0.4525474208588927
2204,-5.0,0.109375,0.4523845037873835
2205,-5.0,0.15625,0.45222164536602
2206,6.0,0.0625,0.4520588455736882
2207,-1.0,0.078125,0.4518961043892816
2208,-2.0,0.046875,0.45173342179170145
2209,-2.0,0.078125,0.4515707977598564
2210,-1.0,0.078125,0.45140823227266286
2211,-4.0,0.171875,0.45124572530904467
2212,1.0,0.140625,0.4510832768479334
